type,subreddit,title,url,datetime_pst,score,body,media_url
post,adultsurvivors,Sexually abused by sister,https://www.reddit.com/r/adultsurvivors/comments/1v211dr/sexually_abused_by_sister/,2026-07-20 16:06:28 PDT,4,"This happened a long time ago, when we were both kids ,I was around 12, and her being 14 maybe . I was sexually abused by her. Time has passed, and she even has a daughter now.  
We’ve never talked about it, but I still carry the memory, and I haven’t been able to get past it. On the surface, our relationship is normal. Right now I’m in her hometown, staying with her family for a couple of days. She sometimes gets changed in front of me - it’s normal we all girls do that but cause of our history it makes me more uncomfortable

I don’t know if I should bring it up whether I should ask her to apologize, or at least acknowledge what happened, instead of acting like it never occurred. I’m not even sure an apology is what I actually need, or whether bringing it up now would hurt her or damage our relationship going forward.

In my mind, I was the victim. I was abused, and the trauma has stayed with me, while the person who caused it seems to carry on as if nothing happened. I hate that. Maybe she does feel some guilt, and maybe it’s just awkward for her to bring up but if she has ever felt sorry, I wish she’d at least say something like: “That happened when we were kids, and I’m sorry. I wasn’t at my best, and I wasn’t the sister I should have been.”

The memory of it still gives me chills.

We both live in different countries so am I am visiting her family and my niece I don’t know if i should bring it up. Plus she is not in a good financial situation so this topic might make her feel more miserable.

What would you do if you were me ?",
post,COCSA,Sexually abused by sister,https://www.reddit.com/r/COCSA/comments/1v20zad/sexually_abused_by_sister/,2026-07-20 16:04:04 PDT,2,"This happened a long time ago, when we were both kids ,I was around 12, and she’s 18 months older than me. I was sexually abused by her. Time has passed, I’m 30 and she is 33 and she even has a daughter now.    
We’ve never talked about it, but I still carry the memory, and I haven’t been able to get past it. On the surface, our relationship is normal. Right now I’m in her hometown, staying with her family for a couple of days. She sometimes gets changed in front of me - it’s normal we all girls do that but cause of our history it makes me more uncomfortable 

I don’t know if I should bring it up whether I should ask her to apologize, or at least acknowledge what happened, instead of acting like it never occurred. I’m not even sure an apology is what I actually need, or whether bringing it up now would hurt her or damage our relationship going forward.

In my mind, I was the victim. I was abused, and the trauma has stayed with me, while the person who caused it seems to carry on as if nothing happened. I hate that. Maybe she does feel some guilt, and maybe it’s just awkward for her to bring up but if she has ever felt sorry, I wish she’d at least say something like: “That happened when we were kids, and I’m sorry. I wasn’t at my best, and I wasn’t the sister I should have been.”

The memory of it still gives me chills.

We both live in different countries so I am visiting her after 2 years and my niece I don’t know if i should bring it up. Plus she is not in a good financial situation so this topic might make her life feel more miserable. 

What would you do if you were me ?",
post,Keplerians,Is watching rod and sister Madeline die in ice scream 8 really worth crying over?,https://www.reddit.com/r/Keplerians/comments/1uwpkjp/is_watching_rod_and_sister_madeline_die_in_ice/,2026-07-14 16:53:44 PDT,5,"Like yes, rod and sister Madeline did stuff nobody should ever do regardless of their trauma, but after they established their trauma, it’s kinda hard not to sympathize with them. You don’t root for them, but it’s pretty emotional seeing them get this pay off when you know how they became the monsters they were.

Sister Madeline lost her entire family to WW2 including her daughter Elisa causing her to make so many crazy decisions down the line, which yeah I can’t sympathize that much with but Rod is a totally different story, rod is the re incarnation of Elisa, when he was very young he was abused by sister Madeline prompting the other nuns to give him to Joseph and when Rod was with Joseph, Joseph focused more on his business then raising rod and when Rod started to get bullied, Joseph did nothing then later on Rod lost Joseph the only family he had then still having trust issues with Sister Madeline when he still blindly remembers being abused by her going forward from here, Rod spent his entire life running away from his trauma, making him the monster his mask resembles

To be absolutely clear I do not agree with how they handled their trauma but just their background alone makes them sympathetic on a twisted perspective

In the ending of IS8 rod stairs in regret of his crimes, he realizes that they didn’t fix anything from his past they just created more victims, and he questions his life he questions himself he realizes that he can’t fix his mistakes and whats said and done is said and done then sees no reason to keep going in life and kills himself by trying to drown himself in the tampered cauldron of ice cream then sister Madeline. Here’s what happens and saves rod also getting her self covered in ice cream in the process the words sister Madeline says to rod while she holds him in her arms  
Makes me so emotional knowing that this is a mother and son that have been separated for years  
She shares her final goodbyes with him before they wither into stone in the context of the scene combined with their backgrounds, make it very dark and sad, even though you don’t root for them, during replays I don’t cry. I get emotional, but I don’t cry, but the first few times I beat this game, I cried.

not because I didn’t want Rod and sister Madeline to die they obviously deserve to be punished for their actions, but because of how screwed up their backgrounds are it makes the scene sad but beautiful in a way

I don’t know am I just crazy Let me know your thoughts.",
post,StillNotADragQueen,Woman who was sexually abused by sister as a child speaks out,https://www.reddit.com/r/StillNotADragQueen/comments/1tnw9r1/woman_who_was_sexually_abused_by_sister_as_a/,2026-05-25 21:32:11 PDT,20,,https://www.wiltshire999s.co.uk/woman-abused-sister-speaks-out/
post,COCSA,Getting nothing back from parents or sister!,https://www.reddit.com/r/COCSA/comments/1kwsavp/getting_nothing_back_from_parents_or_sister/,2025-05-27 09:51:19 PDT,6,"I have finally come to terms that I was abused by sister when I was (Male)7 and she was 10 it lasted less than a year, I never forgot but never mentioned until the last year but my sister said it was just nothing all children do it and my parents said the same it’s difficult as I just want them to acknowledge it and discuss it maybe an apology and I’d try and move past it! My sister seems to live a normal life whereas I’m a bit of a mess with the main cause Hypersexuality and suffering with anxiety. Has anyone moved on without an acknowledgment or apology? ",
post,teenagers,Not sleeping is so fun! (Overthinking),https://www.reddit.com/r/teenagers/comments/1kahzbp/not_sleeping_is_so_fun_overthinking/,2025-04-29 00:14:26 PDT,2,"TW: slight mentions of SH

idk why im awake, my arm hurts from shit i did to it earlier during a “i hate myself = punishment” episode. 

My family situation isnt the greatest, i get fat shamed, abused by sister, yelled at for doing nothing wrong. And yet my sister is my parents little “princess” who doesnt barely ever get in trouble, and yet i get lied abt and get in trouble.

My sister also gets away with abusing me physically, been super rough and violent with me recently and i hate it so much- but i cant do anything abt it bc my parents dont care when i tell them, but the second i do any self defense im the one at fault and is in trouble

Im turning 16 later this week and i rlly don’t want to bc idk if my life is ever gonna get better from here. 

If you had told 11-13 yr old me tho that i would still be here i would barely believe you.

Thats when my depression basically started unfortunately, and has been around since.

Only actually started hurting myself tho last summer when i rlly went thru some shit and then started this year out badly and havnt been a week clean since.

Its a goal tho to get a week clean, then two weeks, then a month, and so on and so on.

Im just worried abt the summer and or people noticing. My friends already make me feel like shit over past/present scars from picking at random scabs i get (never known why i do that)

Bc iv given up on trying to mask my depression bc it turned into me making it worse, but when im “off” around people they ask if im okay, i lie and say im fine but rlly im not but i wouldnt tell them that.

Im not being a burden anymore, i go thru this alone and only me, is it maybe going to kill me yes, but the price i pay for keeping things to myself.

Like also bc my birthday i don’t want people wasting money on me but at the same time i do? Its so confusing.

but yeah, my mental health is messed up on multiple levels rn and we r managing best we can w out telling anyone we r close to ",
post,domesticviolence,"Abused by sister for many years, I'm done.",https://www.reddit.com/r/domesticviolence/comments/1hl6s04/abused_by_sister_for_many_years_im_done/,2024-12-23 21:32:21 PST,6,"Hi I don't really know how to go about this, I've never turned to forums to talk about such serious issues either, but everything getting worse as time goes on and I need some opinions.

My younger sister (20) has abused me (22m) and my mother (60) for many years. She's attempted to kill us multiple times, she's hit, scratched, slapped, raised knives and thrown stuff at me and my mother and she's clearly not mentally right in the head but doesn't recognise it.

I wake up to screaming every morning, and I'm not exagerating it's been this way since I was probably 12-13. She carries on like a toddler with anger issues and cries so loud the entire neighbourhood can hear her, all our neighbours hate us. She doesn't raise a finger,have a job or help with any chores around the house all while leaving a meds with everything she does. So she forces my mum to do everything for her and I mean every, single, thing. Makes phone calls for her, cooks her food, serves her food, buys her everything, and she has to do it when she wants or she gets mad, my mother doesn't get a break.

I'm not even allowed to cook dinner mum HAS to or she won't eat it and she'll verbally abuse us for hours till my mother caves and cooks because she'd rather cook than deal with the screaming. My sister has no dependence whatsoever. But the worst of it all is she's delusional. My sister genuinly believes she is hard done by, abused by us, is the only one that does everything around the house, and is above is in some way that allows her to refuse anything asked of her. And she genuinly believes this. If you catch her out on a lie she'll just abuse you even more. She has no reason, no logic, whatever she believes is true. You can't talk to her.

She has so much hate for everyone it's scary, she spews it so viscerally. She constantly tells my mum she hates her, she can't wait till she dies, that my mum's selfish and stupid and wrong, that mum is somehow abusing her when she does everything in her power to help us, I don't even want to still be at home but I fear what would happen if I left.

But my mum loves my sister, she's aware of the situation she's in. But she won't do anything to get out of it because she worries for my sister. What she would do if she was kicked out of the house. I called the police one day things got too out of hand. She was throwing stuff around the house, cut my mum's charging cable and raised a knife at me and her, all because my mother bought her a meat pizza instead of a vegan one and because we didn't have enough money to buy her a charger which she didn't understand (We're also quite poor). I called the cops and told my mum. She wasn't happy and went off her brain, telling me to cancel the call, that I can't do that to her daughter, that I'm ruining her life of she ends up with domestic violence on her record. I was guilt tripped into lying to the police and had to downplay the whole thing.

I called the cops at 6pm, they didn't show up till 4 am in the morning. My sister slung insults at the cops the entire time. Calling them cunts, morons ect but they kept their cool. They issues a DV order of some sort but it was temporary (or something like that) I beleive. Nothing came of it.

I now have some evidence, videos of her tantrums, photos of injuries she's inflicted. But im afraid of that happening again, and what my mum and dad would think of me. My mother is a victim of this situation too but she enables my sister by caving to every demand of hers. Everyone in her life has told her to kick out my sister, but she wont no matter what. But I'm sick of watching my mother being abused,slowly dying from stress being forced to be my sisters lacky everyday. I don't really care about what the consequences are anymore I think I'm going to go to the police next week after Christmas holidays and put in a report.

I have nowhere else to live if my parents get upset, I have a very poor income myself and can't rent. Nobody can really help me. But at this point I fear for everyone's health. My sister almost masterfully pits our family against eachother and then we start arguing. I'm sick of it, I want her gone, I have no love for her she is everything bad in my life.",
post,depressionmeals,First Thanksgiving after losing both parents and getting abused by sister,https://www.reddit.com/r/depressionmeals/comments/182g8kt/first_thanksgiving_after_losing_both_parents_and/,2023-11-23 17:28:38 PST,55,,https://i.redd.it/kejmlnnu772c1.png
post,MMFB,I am a mistake,https://www.reddit.com/r/MMFB/comments/15gcihu/i_am_a_mistake/,2023-08-02 08:51:31 PDT,2,"I am a result of a failure of birth control pills I was born my mum still took birth control pills till the day I was born so I wouldn’t be born. My dad didn’t love me till I was around 9 and slowly started giving some love. Around when I got to around 12-13 my dad got into fights with my mum for buying land in his home country and buying it under his brothers name and therefore giving the power tony to him. My mum and older sister tried fuelling hatred into me towards my dad and uncle. Ever since I get called occasionally a mistake, a dickhead, a unsympathetic fuck, unwanted child, I wish I could have aborted you etc. only my brother and sister were wanted and I was born as a mistake. I get abused by sister and mum for speaking logically and they ask me about the family problems and I always give a logical argument and they fight with no logic and lose the argument and results in me getting hit by mum and sister or verbally abused. I have a neutral relationship with my father and brother. I am 17 currently and don’t know what to do I never hit back and always give love to everyone but they hate me for no reason or never listen to me either. 
And my birthdays are often forgotten or never get a gift etc rarely a happy birthday. I was and am getting scapegoated for being born. What should I do ?.",
post,CPTSD,Abused by Sister all my life and now PTSD?,https://www.reddit.com/r/CPTSD/comments/tij1nm/abused_by_sister_all_my_life_and_now_ptsd/,2022-03-20 04:29:07 PDT,12,"Later in life, I've come to realize my older (by 3 yrs) sister has been abusive to me ever since I can remember.  Did we have some fun times together?  A few.  But even those were punctuated with denigration.  

What started me thinking about her behavior not being simple sibling rivalry was the fact I married to two different abusive men. My parents weren't abusive.  I had a good childhood.  The largest complaint I had was my sister was my mother's clear favorite.  I was my dad's, so I thought ""fine, it's balanced"" and went happily along.  

The abusive men: I ended up divorcing 1 & 2, but in each case, I engaged in 5yrs (#1) 1yr (#2) of marital counseling with them first (which doesn't work in an abuser-abusee situation).   I was desperate to point out that I was being treated wrongly and fix it.  I was told, in each instance ""this is abuse; why are you here?""

After divorcing #2, queue therapy for me to find out why I chose such sucky people to be attracted to.  I picked out a name out of my phone book and...based on the abuse description alone, the therapist had a light bulb moment and knew who I was talking about.  You see, he was her client two yrs prior to my seeing her.  This was so validating to have her totally ""get"" my past experience.  To her credit, she never spoke about my ex, but she could talk about the same behaviors knowing full well what they were.  I eventually decided I would be able to choose a better person.  (Spoiler, I did).

But I never addressed why I was in this abuser victim cycle. 

My sister.  My life with her is so confusing.  It is clear she absolutely hates me.  A childhood of pain, bullying, and gaslighting.  She would physically hurt me and laugh and call it games.  She always made fun of me.  She fed me so much alcohol when I was in 5th grade I had alcohol poisoning.  And she blamed and ridiculed ME for ruining her night.  At the time, I chalked it up to normal sibling stuff. 

She told my parents when I was young I had disordered eating. (She is overweight).  She screams at people.  She snipes, yells, denigrates, and loves to have power over others.  She is also addicted to nacotics, cigarettes, and gambling.

Throughout my life she told me that I was a terrible parent.  She spent the night at my son's college graduation berating me in front of my husband and hers how horrible I was.  After an hour or more of this, my husband said ""enough"" and took me home.  I sobbed all night.  My husband said he would never, ever tolerate being treated by family like she treats me. 

Then, I slowly started to realize...gaslighting, a lifetime of manipulating and bad motivations, toxic relationships...my sister.

After a lot of thought and arguing with her to ""defend myself"", I had enough and said I don't want her in my life.  It was such a relief. 

My sister has the ear of everyone in my family. She is the favored child because my parents are enmeshed with her.  And enamored with the $ she made (big 6 figure salary). I am not welcome to be with them any more when she is around, which is all the time. So I hardly see my parents; I'm excluded from any holiday, any celebration. I can only visit them alone.  

My parents condone and excuse her behavior.  If I mention anything about her behavior to them, they make excuses ""noooo, she's just stressed out"" or tell me they don't want to hear it.  But if my sister says something to them about me, I'm the first one they confront.  They enable her.  They LOVE her. They LISTEN to her.  They tell me ""they don't want to hear it.""  Or they blurt out an excuse for her first: ""you started it by telling her you didn't want to see her!""  So much for balanced favorites.

Now, she's started on my son and niece.  Neither are talking to me as of 15 days ago.  It feels like a living hell.  
 
I started to have these horrible episodes of anxiety.  It's like wave after wave of stress and fear. (It started with COVID so I initially identified it as being related to that).  Now, with the realization my niece and son are ghosting me, I'm having full blown episodes of terror, disbelief, sadness, anger, SI, you name it.   I default to yelling now, like my sister, if I don't feel heard. 

I am caught in this horrible cycle of trying to ""prove"" to people that I'm being abused.  By family.  I try to explain, or defend myself, and I always hear a variation of ""your're crazy.""  All my life.  Now.  And then I try so hard to seek out love and validation from my parents, to be included, but they just don't have it in them.

And I finally get it.  I am not crazy.  She IS abusive. I DO need to step away from it all. My husband says disown them all, and I'm going to have to, but I don't want to.  I still am seeking a validation I'll never get.  I can simply hope my son comes around.  

I am having these night terrors, anxiety, emotional instability-and I'm actively trying not to contact my son and niece 100 billion times to explain.  It feels like PTSD.  I don't want to be like this but can't quite figure out where the off button is.  How do I let this go?

First revovery steps and tips and reflections welcome.  Pointers on triggers (not feeling heard, not being able to be 100 million percent busy) and techniques to ground myself.  Something I can do from home.  I'm laid up with a broken leg and live very remotely, so a therapist is a no go for now.",
post,relationship_advice,[LONG] My (20M) sister (17F) is emotionally abusive but I really care about her,https://www.reddit.com/r/relationship_advice/comments/akavrl/long_my_20m_sister_17f_is_emotionally_abusive_but/,2019-01-27 02:11:51 PST,1,"Let me start by saying I really value my family, and the idea that we should always be able to come to each other if everything else fails. I understand that they're just people too, like anyone else, except that I've spent my entire life around them. That seems like as good a base to me as any to try and build nuclear bonds on though.

&#x200B;

**History:**

I was a bit of a nuisance when I was young. By a little I mean a lot. I don't know whether it was the constant moving, the type of people I was around, or just my nature but I was. My sister and I would very often annoy each other, scare each other, typical sibling things; though maybe a bit extreme at times. I don't remember when exactly, but around 7 or so years ago she started being completely intolerable of my sibling antics. Screaming for parents at the drop of a hat, refusing to be anywhere near me, things like that. It's just a phase we thought, she'll get over it. It didn't ever get better, in fact it got worse. As we started moving up in the grades and we learned some more colorful language, she'd swear at no one but me. She also made sure to do it when no one else was around, so when I complained I'd never be believed. She came up with the most creative, nastiest insults that hit exactly where she knew they'd hurt. I remember this was when the second or third gen of iPhones came out because we had just gotten old iPhone originals for Christmas. I actually managed to record one of her insult sessions without her knowing and showed it to my parents. They were furious of course but are so soft hearted that they really did nothing about it.

&#x200B;

This continued for about three years until she just lost interest in me completely. She was out of the house and with friends whenever possible. When she did have to be around me she ignored me. Family vacations I was also ignored or yelled at when I prodded. It was around this point that I'd actually worked on becoming a better person because my social life wasn't great at school. So I started trying to do nice things for her without her asking. Covering chores, grabbing a glass of water for her if she wanted one, helping her do things she couldn't or didn't want to. This was when I started actually being sad that I couldn't have a good relationship with her, especially when I saw how some of my friends and their sisters interacted. My parents were not happy about any of this of course, but they just called it a phase and said she'd grow out of it, I just had to be patient. 

&#x200B;

Through middle school and high school this continued in pretty much the same fashion. She'd always had a bit of an ego problem, but it exploded in high school. She very quickly became the top girl in her class. Grades, popularity, looks, you name it she had it. She was the stereotypical blonde girl leading the squad of popular mean girls. She has admitted to me that she has a hard time making friends today because people are so scared to interact with her, and her friends have confirmed it. It was around this time that she became very politically charged as well. She's been vegan for I think 4 years now and attends pretty much any rally in San Francisco she hears of. She is a veritable zealot for many social issues that her lifestyle tends to contradict. She's gone to parties since sophomore year and one of those parties in sophomore year she was picked up by a cop after they had crashed the party. They had to take her to a hospital because she had near lethal amounts of alcohol in her system. She's admitted to harder stuff like cocaine that she does whenever available as well.

&#x200B;

**Recently:**

I left for college the beginning of 2018 and I was really hoping that me being away from the home would help our relationship. Things mellowed out a lot between us, and we even had some good talks. However I had issues at my college and this academic year I've been back at home. Everyone's been optimistic about the direction of the relationship. She's top of her class currently, and applying to colleges. She actually just had an interview with Princeton. My insecurities came out a couple nights ago when she was in a particularly bad mood and taking very subtle jabs at me while I was trying to cook dinner for the family. I wanted her to go away so I told her that she tried way to hard at everything, all of the volunteer hours, relentless studying, and that she was wasting away her life. I felt bad about saying it the next day so I wrote a letter by hand. In the letter I apologized for what I said, and I explained that I'm struggling because I feel like she's outperforming me in every department. She's very popular, has incredible looks, plays high school ice hockey (and is pretty damn good), sings, acts, and is being interviewed by ivy league schools for f\*cks sake. I also expressed some of my own insecurities, failing out of my freshman year of college, my failed relationships, losing friends left and right. I put my heart and soul into this letter and intended it as my olive branch. I leave it on her pillow and wait.

&#x200B;

I hear nothing for two days, then one of her friends lets me know that she's read it, and let them read it as well. Great, now all of her friends know all of that shit that was meant just for her. The only solace I could take was that the friend felt really bad for me but wasn't willing to call my sister out because queen bitch does not get called out on anything. Nothing happens for two weeks. Not a word is spoken about the letter.

&#x200B;

A little context as it's important, one of her friends has a bit of a crush on me. When I was back home one week we were drinking and got a little handsy but it didn't go very far. I really hate the image of that, but I was near blackout (there was a competition) and very lonely. Recently that friend has been around a lot, and she's in a relationship, but she's still got the crush. About a week ago we'd been drinking (a lot) again and we both got a bit touchy again, but it didn't go farther than hand holding. We talked the next day and agreed that that couldn't happen and we've been basically completely separate since.

&#x200B;

Two days ago I ask her where she left my headphones as I saw her move them. Yes, something that trivial. She became incredibly defensive and accusatory. I got angry for once and asked what it was really about and she told me that that I was just angry because her friend wouldn't leave her relationship for me. I told her if that's the kind of person you think I am we have serious work to do (in not very kind language). She then told me she's got better things to do than argue this, and that I can go wallow in my own pity party I'm always throwing myself, very obviously referencing my letter.

&#x200B;

**The Fallout**:

I put my heart and soul into that letter, and I've been working so hard to do nice things for her and mend our relationship. I've been at it for years upon years. I'm a very closed person. This one time I opened my arms as wide as I could and she stuck a knife in me. ""Pity party I'm always throwing myself."" I blocked her number, all of her accounts, I've told my parents I'm not speaking to her and I want nothing to do with her. I can't believe I've finally been pushed to the nuclear option. It actually breaks my heart. I've been miserable since it happened.

&#x200B;

If you've made it this far, thank you. My question is, is there anything I can do to attain the relationship I want with her? Does anyone have a similar experience where it worked out? Do I just have to wait 10 years and hope she gets better?

&#x200B;

tl;dr Very tired man emotionally abused by sister for many years, is pushed to essentially disowning her, still can't seem to learn from the past and wants to know how to fix it all

&#x200B;

Afterthought:  
I'm very aware that I could be in love with an idealized image of my sister than I may never attain. I'm very aware that we may never be able to get along and that I might have to cut contact. It might not matter anyways as I'll be moving out again this coming fall and it's unlikely I'll ever live ""at home"" again. I wanted to somehow tell more about who she is and who I am and why that creates conflict but that post is long enough as it is. I'm a bit afraid that I sound so altruistic in every turn that people will call bullshit and say I'm hiding parts of the story. I'll try to answer any questions anyone has.  
",
post,AMA,"Was Sexually Abused by Sister from age 5 - 9, AMA",https://www.reddit.com/r/AMA/comments/28nyd8/was_sexually_abused_by_sister_from_age_5_9_ama/,2014-06-20 12:15:50 PDT,8,"Happened at least once when I was 5, at least once when I was 9, and any number of times in between, most likely. My parents confirmed it when I came out about it in Wilderness Therapy 7 years later. 
It's turned me hypersexual, I think (it had to come from something, and abuse often does that), and it still makes me shake to this day.
Ask me anything. I'm also really fucked up in general, so that's on the table, too.",
post,bipolar,My bears.... I crashed and burned,https://www.reddit.com/r/bipolar/comments/1nskr5/my_bears_i_crashed_and_burned/,2013-10-05 10:21:21 PDT,4,"I was manic last week and a lot of this week then my mom brought up being sexually abused by sister. This was a big enough trigger to bring the down swing... It was a quick crash. I was 5 when the abuse began and it continued for five years. She was ten when it started. My mom said she believed me that it happened, my sister was just that messed up kind of person but it was my fault. I should have said something, said no, spoken up. Fuck that! I was five years old and was told I would be in trouble if I told. My options were taking from me. 

I crashed hard. I cried hard that night, had a panic attack. Whole nine yards. Attempted to work a double the next day even though I been told not to work more than 6 hours (trying for disability). I had another break down and went on a two day self medicating binge. Three days of tears and even crying.

I'm exhausted now but feeling better. Hoping this cycle is over? Is this how they go? I am use to mixed episodes not this.  I am so tired.... Oh so tired. I hate this disorder. I hate being Schizoaffective!!! I want my brain back, I want control of my emotions - all the time.....",
post,rapecounseling,Need some advice - was sexually abused by sister when younger.,https://www.reddit.com/r/rapecounseling/comments/11exrl/need_some_advice_was_sexually_abused_by_sister/,2012-10-13 07:30:09 PDT,8,"So I was sexually abused by my sister when I was younger, when I was really young, I think, from memory, when I was younger than 10. She is 5 years older than me. She would use an electric toothbrush to vibrate on my clit, she would lick my vagina, lick her breasts when they had honey on them, and other stuff. But no insertion or anything. I think she knew this was wrong, because she was old enough, and had us call it ""chess"" and would lock the door. I didn't say no or anything - but I didn't know any better.  I had a memory blank and remembered about it in the past year, and luckily I have an understanding boyfriend who has helped me through this. 

I need help. I still have to live with my sister, she treats me like normal, I am still quite resentful towards her, and what she has done to me, but at times try my best to.. accept it. I'm not sure what to do next. I think what she has done to me is disgusting, but I guess she was having a hard time with her life because she was depressed. As of right now, I don't want to talk to her, I walk out of a room when she comes in it, and try to spend less time with her. She tries to be friendly with me but I snub her off, but at times I talk to her quite happily.

Sorry about the long post, but how should I approach getting over this? I feel like I should talk to her about it and ask her why the hell she did those things to me, but it seems out of reach. I just need general advice of how to get over what has happened to me, how to accept it, and how to forgive, if that is even possible. Thanks

**TL;DR**
 Sister sexually abused me when I was younger, she's 5 years older. Need help moving on from this and not feeling resentful. Advice?

",
post,MyLittleSupportGroup,"Abused by sister years ago, just now realizing consequences? [Warning: Incest]",https://www.reddit.com/r/MyLittleSupportGroup/comments/yrlte/abused_by_sister_years_ago_just_now_realizing/,2012-08-24 11:24:06 PDT,14,"Some background: I'm 20 year old male. My sister is 2 years older than me. I'm not really sure if depicting the events is too much for this sub so I'll try to gloss over things a bit.

When we were much younger (I was probably 5, she was 7), she did the whole ""I'll show you mine if you show me yours"". During this little escapade, we got caught by my parents and she got in hella trouble. But it just seemed to make her more curious. She would lock me in her room with her (locks on the outside of bedroom doors? Whose great idea was that?) and there would be touching, watching, kissing, and whatnot (no sex). This went on for about a year or so before stopping altogether.

I never told anyone about this and I assume she never did either. It mostly escaped my mind until a few weeks ago. It would surface from time to time but I would (a) dismiss it as normal or (b) push it down altogether. Now it's on my mind all the time. I confronted her about it and she denies most of it and says I initiated the rest of it.

When I reflect on my sexuality, I see the influence these encounters had on my young brain. When I was in my early teens and discovered erotica, I obsessed over older sister/younger brother incest stories. I sabotaged every major relationship I've ever been in. And part of me still blames her. I can barely look at her now since all this came flooding back into my head. But why now? What happened that made me suddenly unable to put it out of my mind?

I'm in a stable, loving relationship with the most amazing girl in the universe. I know I need to tell her, and I know she won't judge me etc. I just am having trouble focusing. My thoughts keep wandering back there. Maybe I'm just feeling sorry for myself. Will it get easier to deal with?",
