subreddit,datetime_pst,matching_queries,post_link,score,title,body,media_url,review_row_index,classification,exclusion_reason,classification_rationale,curation_status,curation_exclusion_reason,curation_language,curation_rationale
LawPH,2023-11-16 02:36:02 PST,abusive brother,https://www.reddit.com/r/LawPH/comments/17wjsyd/what_can_we_do_to_our_abusive_brother/,1,What can we do to our abusive brother?,"I have a brother who is 22 years old. All he do is sleep, eat and gumala. When he gets mad, he becomes abusive. Sinisira gamit sa bahay (appliances, utencils, even tried to burn down our house) and  sinasaktan kami. 

He is diagnose before with bipolar disorder but was corrected to Intermittent explosive disorder. Nangyayari to especially if hindi nabibigay Ang gusto nya or kapag he's pressured and overwhelmed with emotion (example, he saw someone stealing and did the right thing and nag sumbong kaso because of that prang sinisi cya na kung Hindi nag sumbong, Hindi sana malalaman at nagkakagulo). Also he keeps on questioning he's existence, God's existence and sana mawala na daw cya. All this happens kapag sumasabog na cya sa Galit. 

We also tried medication and counciling pero now he refused it. We also went to psychiatrist but Hindi na nasundan kasi nga he rufesed na. 

When we ask for police help Kasi nanakit na, ayaw din nila dakipin Kasi daw of his mental illness, di daw pwede. 

My parents are getting old and di na nila kaya to handle it. 

What are our options? Any advice? We've been suffering for this for years pero nahihirapan kami.",,2350,INCLUDE,,"The author says her brother becomes violent when angry, hurts the family, destroys household property, and has attempted to burn down the house.",REVIEW,LANGUAGE_UNCERTAIN,English/Filipino (Taglish),"Substantial English and Filipino/Tagalog clauses alternate throughout the short narrative, with no safely dominant meaningful language."
OffMyChestPH,2023-08-08 09:31:02 PDT,abusive brother,https://www.reddit.com/r/OffMyChestPH/comments/15ln2e0/how_does_it_feel_being_in_a_secured_happy_family/,1,How does it feel being in a secured happy family?,"FYI. VERY LOOOOOOOOOOOOOOOOONG POST AHEAD. Hm. So to start with I just wanted to say ang baduy ng username ko dito hahahaha but anyway, this is my first time to vent out one of my longest running insecurity in life. 

Ever since we were young, my siblings and I are somehow sheltered. We are provided with good food, shelter, and education. And I am thankful to my parents for providing those to us. 

I have 3 older brothers and 2 younger siblings. Our eldest brother stands like our second parent to us since my parents are always away for business meetings and stuff alike. My second brother is patay na bata. He doesn't care that much for as long as he's okay, edi okay na. The third one, tends to be so abusive. Physically, mentally, and even sexually. 

When we were younger, our mom would leave us under the care of our brothers. My eldest brother is always at school kasi college na siya during that time and my two younger siblings are pre-schoolers and I am already in grade 1. Diba uso kasi yung siesta kapag mga bata pa? So our kuya would force us to take our naps and if ayaw namin, he would get an air freshener like lysol and a lighter and would shoot at us like it's a flamethrower. So imagine the fear that we have during those times. Lol even our helpers who are much older than him are scared of him kasi para talaga siyang demonyo. 

One time, he let us in the room one by one with a blindfold and bahala na kayo mag isip kung ano. Basta all I can say is napakababoy niya. Then it continued for some time. As a kid, I was really afraid of him cos sobrang bigat ng kamay niya and wala naman kaming laban sakanya considering that he's a big person, I mustered all my courage and approached my parents and told them about what he was doing to us. I can still remember my parents asking kung saan and papano ginagawa pero after that we were not processed well about it. All I know is my brother was reprimanded because of it and was sent to a far place where he can continue his studies away from us. 

Fast forward. Eventually, my parents separated. My mom went abroad and my dad stayed with us. I saw how miserable my dad was when my mom left. I know how much he loves my mom but my mom kept on reminding us that my dad is no good and can no longer provide as much since we are all studying in private schools. My eldest brother also ran away since he can't take it anymore how my mom loves to manipulate and gaslight all of us pero syempre di ko masyadong gets kung ano ba talagang reason ng kuya ko when he left because he never speaks ill about my mom just like my dad. So again, we were left with this abusive brother that we have. Occasional battering to all 3 of us from him lol

My dad would usually go home late from his meetings smelling like alcohol. For some time he was like that but please don't get me wrong, he's a very kind father to all of us. My mom was abroad working and would just send money to finance our needs even our wants. She would always say ""See, if I stayed with your dad, you guys won't be able to experience this kind of life that I am giving you."" Yes naman. She has a point. We were all able to go and finish sa prestigious schools.

Since my eldest brother is no longer staying with us, I was the one who has taken the responsibilities that my mom and dad should be doing. PTA meetings sa school ng younger siblings and being the one to accompany my little brother to therapy since he was diagnosed with depression. As usual, my mom was the one paying for all of it. My mom asked me ""Bakit kaya siya nadepress?"" I answered back saying ""I think he needs you more this time than your money. Dapat ikaw ang kasama niya sa mga ganito at hindi ako"" I feel so bad that I was in this kind of situation. That at a young age, I was compelled to mature and handle things on my own. The feeling was like para kang napagnakawan ng childhood and innocence.  

When I was already in college, I have met my friends. I tend to go out and drink everyday with them and would go home really late. Sometimes, I would just tell my dad that I won't be coming home so he does not need to wait for me. One time he asked me ""Why are you always out with your friends? Sometimes, you don't even go home. Baka mapano ka sa labas."" I just told him ""Siguro mas okay ng nasa labas na lang lagi kasi sa bahay nga nasasaktan pa kami. At least kung may mangyari mang masama sa labas, di ko kapamilya, mas katanggap tanggap pa."" My dad just went silent since he is really kind and soft na minsan I was able to see him as an enabler nung abusive brother namin since di niya masyadong pinapagalitan. 

Sometimes, my dad and I would be arguing about our kuya, I feel bad kasi alam ko galit ako sa kapatid ko pero my dad does not deserve any of my wrath especially on heated argument. I am mad kasi parang kami laging nag aadjust para sa demonyo naming kapatid. 

Now that I am older. I just find it funny how wrecked our family is. My mom na mukhang pera and would tell us about all the efforts she has made for us and my dad na parang wala na ring paki alam at nagpabaya na sa sarili. There is this one time that my mom and I were in an argument sabi niya ""Hayaan mo. Pag makatapos na kayo ng pag aaral, tapos na rin obligasyon ko sainyo bilang magulang."" and I was like ""So hanggang dun lang pala ang pagiging magulang."" We didn't talk for months after that and as peace offering she bought us new gadgets and stuff. 

So, yes. I am really envious but I am happy for those people with family whom they can run to whenever they needed comfort, assurance, and security. Those people who can come home just whenever they are tired of everything. 

So ayan na lang muna kasi pagod na ko. Thank you for reading this super duper haba na post. I KNOW THAT I AM STILL ON THE PROCESS OF HEALING, at least this one sure ako.",,2729,INCLUDE,,"The author reports physical, mental, and sexual abuse by an older brother, including weaponized fire, sexual acts, and recurring beatings.",REVIEW,LANGUAGE_UNCERTAIN,English/Filipino (Taglish),"The long narrative interweaves substantial English and Filipino/Tagalog passages throughout, so neither language is safely dominant."
OffMyChestPH,2023-07-03 13:17:27 PDT,abusive brother,https://www.reddit.com/r/OffMyChestPH/comments/14ptk9b/its_my_birthday_today_and_i_hate_it/,1,It’s my birthday today and I hate it.,"It’s my birthday today and sobrang disappointed ko sa bf ko. Walang cake, walang flowers, and walang gifts. I grew up having parties during my birthday and in this case, na-celebrate na last Sunday with our commercial building’s blessing. 

Sinalubong ng bf ko birthday ko with continuous  angry rant sa work n’ya and of course sa nilalarong mobile game. Late n’ya na ako binati and that’s okay, I don’t mind. He asked me where I want to go for my birthday pati ba naman ‘yun ako magiisip? Lagi ko naman sinasabi sa kan’ya saan ko gustong pumunta? Tangina! I have a bucket list pa nga na out in the open!! Pati ba naman doon ako pa mage-effort? 

Walang cake, walang flowers, and walang gifts. Hindi na raw n’ya naisip ‘yung cake for my birthday celebration, sabi ng daddy ko wala man lang daw bumili sa akin ng cake, buti na lang friends ko binilhan ako ng cake so I have 2 bento cakes. Wala s’ya gift kasi raw maraming gastos, hindi s’ya bumili. Alam ko lahat ng pinagkakagastusan n’ya, hindi nga ako nagaaya na mag-date kami for how many months na. Pero guys, birthday ko? Hindi ba kayo mag-save kahit ng ₱300 pambili ng kahit towel na B1T1 sa S&amp;R and Landers? He knows how big deal sa akin ng birthday ko. Hindi naman ako naghahangad ng mahal na gift, tinatanggap ko lahat kahit sobrang mura lang. Hindi naman ako maarte when it comes to receiving gifts. 

My birthday party was already shit because my abusive brother hijacked the party and invited his druggie alcoholic party animal friends!!!! They have the audacity to eat first!!! They didn’t even join us with the Priest to pray during the blessing!! They just sat there and waited for the go signal to eat!!!! And my parents did absolutely nothing since he’s the favorite kid!!! I also got food poisoning!!! I almost went to the ER AGAIN cause I frequently get food poisoning!! (Can’t eat street foods and palimig, can’t drink tap water, food must be checked thoroughly before eating, and I always have to know where the restroom is before eating in case I get food poisoning again) But I tried to endure it the whole day yesterday.

His mom got scammed ₱20,000 so he told me his family won’t be coming to my birthday party. Of course magtatampo ako, cause I invited them. Then I don’t even know if he’s joking or not but he basically said his mom’s feelings are more important than mine!! So I told him just because someone have it worse that doesn’t mean I don’t have the right para magtampo!!! For fuck’s sake I went to his mom’s birthday even when my cat is dying in the veterinary clinic just cause they want me there!!!! I didn’t get to visit my cat for 2 fucking days!!!! My cat died when I was at their house 2 hours away from the vet’s!!!!!!!!

During his birthday last year, ako nag-plan saan kami pupunta. Nag-gift ako ng expensive kitchen knife set, I even surprised him with a huge ass cake. I just want to receive the same energy back! And lately, I’ve been giving him the same energy!!! Not gonna post me on your social media accounts? Fine!!! Not gonna post you either!! Don’t listen to all my kwentos and trivias?? Bitch it’s time to fucking disassociate!!! 

Kinukwento n’ya pa sa akin before na mababa lang sahod n’ya pero he got his ex a Pandora bracelet with charms!!!!! For their anniversary!!!! In a separate occassion, he treated her whole family dinner!!!! Meanwhile he only gave me flowers!!!! 

Guys I feel so undervalued!!!!! I take back what I said, this is not the happiest I’ve ever been!!!!!! I feel like shit!!! I hate how he always shout and slam his table whenever he’s slightly annoyed to mad!!! I hate how I’m the one who always plan our dates!!!!! I hate how undervalued I am compared to his ex!!! I hate how he doesn’t respect my cleanliness just cause he’s lazy and immediately sleeps on the bed after going outside!!! I hate how he doesn’t take showers a lot!!!!!! There’s sooo much more I couldn’t take and I need a girl’s night out!!!!


PLEASE DON’T POST THIS OUTSIDE REDDIT!",,2892,INCLUDE,,The author identifies her brother as abusive and describes his takeover of her birthday celebration amid parental favoritism.,REVIEW,LANGUAGE_UNCERTAIN,English/Filipino (Taglish),"The post alternates between extended English passages and substantial Filipino/Tagalog narration, leaving the dominant meaningful language genuinely mixed."
Philippines,2018-10-25 10:16:59 PDT,abusive brother,https://www.reddit.com/r/Philippines/comments/9rcady/update_2_toxic_and_abusive_brother/,15,Update #2 Toxic and Abusive Brother,"Am writing all of this down here to look for advice, at the same time to use this as a future reference in case something happens to my SO and I.

So my brother is still harrassing my SO sa phone during work hours so my SO told him the truth that he wont be able to answer the phone, and that nagusap na mom ko and family niya about the expenses and future of our kiddo. Which triggered my brother kasi napahiya siya of course. Di niya alam na nagusap na family namin dalawa without his knowledge. He insulted my SO then pag uwi niya, he unleashed hell again.

He told my mom a lot of things. And even fabricated some stuff to make me look bad. Ill just summarize para madali.

- my dad's side na puro toxic shit people who I blocked a year or two before, fabricated stories that I post tweets and ig posts that I celebrated the death of my own Dad. Which my mom's side immediately called out later because four of my cousins sa mom's side follows me on Twitter, my boss and hs profs and even family friends know my Twitter and they never saw me mention my Dad. Pano pa kaya yung paninira ko sa sarili kong ama. IG was easier to disprove as my mom follows me on IG. 

- he threatened to kill my SO again. And pag susugurin niya si SO, back up yung isa kong pinsan from my Dad's side. 

- threatened to harm my SO's Dad.

- he warned my mom na lalayas siya (my mom was actually pleased) kasi parang ako daw lagi pinipili

- he was forcing my SO to marry me. 

- he will make sure I wont be able to hold the birth certificate of my own child para last name ng Dad ko ang isusulat at para walang karapatan si SO sa anak namin.

- warned my mom that my SO will never be allowed here even to visit my child. 

- my mom, the ever loving idiot when it comes to technology videotaped this encounter including the threats. But vinivideohan niya habang nakatalikod siya sa harap ng isang malaking salamin sa dinner area so my brother caught her. And taunted her ""Sige tangina ka. Isend mo pa sa mga kapatid mo yan! Wala akong pakialam!"" Gaslighting her and making her delete the video, which she did.

What my mom and I did:

- Sa kwarto lang ako nananahimik as Im 38 weeks pregnant, and so what happened is I only managed to record a few audio recordings and sent it to my aunt as evidence. His verbal abuses.

- contacted my SO to concoct a plan on what he should do. He messaged his Mom who is in a different country about the threats and to move me out and my little one soon. His lola will meet and talk to my mom soon. 

- messaged with my SO's stepmom bc apparently my brother got ahold of their information thru my so's facebook. Para aware sila. Told her everything including the threats. She said to let my brother do what he wants. My FIL will handle him and my cousin alone and if they hurt my SO, either press charges or gaganti yung tatay. I secretly prefer the latter. 

- told my Aunt about the threats since she works at RTC. Told  me na if my brother plans to meet up with my SO, let my SO oblige to trap my brother and bring the police. SO's mother side wants to press charges already. Ipapablotter na brother ko.

- Mom and I are secretly chatting to each other thru messenger while he was ranting to my mom while I was in my room. She told me she is still looking for apartments.

- mom contacted her eldest sister, for help. And she told my mom to find a new place asap and she will help us out but my Mom has to bring all the documents, titutlo, bahay at lupa. Para if magkalakas na ng loob si Mama palayasin si Kuya, walang hawak na papeles kapatid ko to destroy or make use of.

So far, my Mom is still looking for an apartment and plans to meet with my SO and his mom's side on Saturday then on Sunday makipagmeet kami ni SO sa side ng Dad niya then Monday naman dinner kasama mom ko and Dad's side ni SO. 

We are already seriously considering moving out. And SO isnt aftaid at all which is weird. Kasi daw, both sides of his broken family is considering to press charges. So two charges agad. 

So ano pa pwede gawin? Wala akong work atm and di pa regularized si SO sa job niya. All of our families are willing to help although sobrang hirap maghanap ng malilipatan at ng matitirhan. 

We never told my brother this na we are secretly documenting and conversing to other people kasi we want him to get caught in his own trap. I just dont know how. I just want to end this. Im tired of having an abusive brother. He is threatening the father of my unborn child and thinks he can get away with it. So yeah, either he can go to jail or my SO's dad fucks him up. Nakakasama naman ng loob mom ko bc shes such a coward. But then, I cant blame her and arguing with her isnt going to help. Kasi obvious na she chose me and shes going to live with me when I move out. 

Any ideas pa? Or advice? Is it true he and his wife can tamper with my baby's birth certificate? What should I mention sa upcoming meeting with my SO and his families? Siino dito may toxic na family member pa? ",,7400,INCLUDE,,"The pregnant author says her brother verbally abuses and fabricates stories about her, harasses her partner, and repeatedly threatens to kill or harm him and control their unborn child's documents.",REVIEW,LANGUAGE_UNCERTAIN,English/Tagalog (Taglish),Substantial English and Tagalog passages are interwoven throughout the narrative with no safely dominant meaningful language.
Philippines,2018-10-21 22:05:16 PDT,abusive brother,https://www.reddit.com/r/Philippines/comments/9qanml/toxic_and_abusive_brother_mom_in_caught_in_the/,12,"Toxic and abusive brother, mom in caught in the middle. Dont know what to do for now kaya rant muna. And maybe ask for advice? (Toxic family member storytime)","So I would have posted in legal advice but I know our laws are different from the laws in different countries.

Backstory:

My Kuya (28) is the blacksheep and rebel of the family and he resents me (F23) so bad and tried to inflict physical abuse on me countless of times. He is emotionally abusive to me and my Mom and his wife is a manipulative enabler as well. He also has the side of my Dad against me except for one uncle pero di naman sila kawalan bc theyre all abusive cunts and dun siya belong and I blocked them for 2 years now. 

His asshole and abusive attitude stemmed from hatred because of our late Dad who passed away 9 years ago. My Dad was military strict to him as he is the first born and was very hard on him growing up. Pinapalo, pinapaluhod sa bigas, minumura, and it gets worse when my brother sheds a tear kasi ""boys dont cry"". Yes I was never punished the way he was. Napapalo ako, yes pero hindi ng sinturon, sa kamay lang. But I was a small and sickly child who always stayed in her room most of the time and I never went outside to play with the other kids. So I was the obedient little anemic girl locked in her room. Also, I was a Daddy's girl. Dad was very affectionate and loving when it came to me. I guess that's why my brother hated me. Nagseselos siya. But I was a kid that time. Namatay Dad ko when I was 13 and my brother should have been the head of the house. But he immediately took my Dad's car in his name, and got his 18 year old girlfriend pregnant. The girlfriend's family forced them to marry and yun nga. Pinanindigan naman niya but  he is very, very abusive to my Mom and I kasi patay na yung kinakatakutan niya.

Fast forward to 2018. I got pregnant by my SO. Pinanindigan naman although we agreed to prioritize the baby first before getting married kasi Im only 22 and hes 24 and he went back to college so working student siya while I resigned due to my very delicate pregnancy. 3 times ako naconfine dahil sa anemia, asthma and dehydration. Different reasons everytime. 

My brother was angry bakit daw may special treatment sakin. His wife daw, sa maternity clinic lang dinala bakit ako daw private hospital (my SO's mom chose a private hospital kasi first apo nila to). Bakit daw di kami kinasal (why should we). Bakit di daw sinasama brother ko sa mga family meetings between my Mom and my SO's family. But he's an abusive cunt and my mother's family doesnt really entertain him and take him seriously.

The reason is, my SO comes from a well off, but a dysfunctional family. A very dysfunctional one. No contact siya with his Dad and his stepmom for a couple of months now. His mom is in a different country with a new family but still sends support as much as possible. 

Last night, in a drunken stupor. He verbally abused my Mom and I. Bakit daw lagi niya kami kinakampihan at pinapaboran ni SO, kung mayaman daw si SO bakit walang inaabot and ayaw niyang makita si SO sa pamamahay na to or else papatayin niya si SO kahit daw puntahan pa niya sa QC. He told me bawal na pumunta si SO sa bahay pero I fought back and told him may karapatan si SO dumalaw pag nanganak na ako and his word is not the law.  He made my Mom cry and mocked her for crying and called my unborn child a future special needs person just like me (Im not a special needs person, pero I had experience being a part time SPED teacher kaya masakit para sakin to). My mom cried and called her sisters and her sisters told her na next time na magreact ng ganon kapatid ko, to record it secretly lalo na yung threats. And bilisan na yung process na paghanap ng apartment.

Hindi siya sinasama o iniinvolve ng mom ko and her family when it comes to these matters kasi yun nga, masyado siyang mayabang and masyado siyang maangas. He was ex communicated for awhile bc he threatened my life in front of them one time kasi I refused to babysit his child sa isang event kasi busy ako. And he doesnt know my SO is SUPPORTING my child and I. May pera si SO, and may pera din naman ako so idk san niya nakuha yung idea na di ako pinanindigan ni SO. My SO's Dad is also an absent father pero supportive naman and they promised to show up naman pag nanganak na ako. We just dont think kelangan maya maya naguusap tungkol sa finances kasi we all can manage financially and wala pa naman yung baby. And even if the baby comes anytime, prepared na kaming lahat. Brother is also jealous at how close my SO and my Mom are. My mom likes my SO and we go out to dinner and laging binibilhan ni Mama si SO ng clothes or gifts. And my SO likes my mom kasi nga he longs for his mom who is in abroad. My mom longs for a nice and malambing son as well kasi she's been verbally and emotionally abused by my brother for 9 years now. 

Thing is, the house is under my name. My Dad owns this house and property and before he died  he told my Mom daw na ipasa to sa akin kasi ako ang babae, ako yung mahihirapan. And I was his baby. My Mom is also seeking advice from her sisters how to pass this house to me without my brother noticing. 

And yes, nakikitira lang kapatid ko and dalawa niyang anak dito and kami ang pinapalayas niya. Even my own mom. He even asked my mom to go fuck herself. 

I dont know what to do. Kasi naaapektuhan pagbubuntis ko pag nagiiskandalo siya. He sent threatening messages to my SO this morning na mag one on one daw sila, magkita in person, and whatever. I told my SO to ignore his message request but not delete the evidence. My aunts strongly advised na irecord lahat ng abusive tactics ng kuya ko and asawa niya. I dont know what to do since wala parin kami nakikitang apartment and 1 week nalang bago due date ko although dilated na ako ng 1cm yesterday. 

Pano mangkulam ba? Lol. Please if anyone has been in the same situation and got through it, pls send advice ",,7402,INCLUDE,,"The pregnant author says an older brother has repeatedly tried to physically abuse her, threatened her life, and now verbally terrorizes her and their mother while threatening to kill her partner.",REVIEW,LANGUAGE_UNCERTAIN,English/Tagalog (Taglish),The narrative repeatedly alternates between substantial English and Tagalog passages rather than using only minor code-switching.
