row_index	post_link	classification	exclusion_reason	classification_rationale
8255	https://www.reddit.com/r/gameofthrones/comments/435zyx/all_spoilerseverythingtheory_daenerys_and_her/	FALSE_POSITIVE	FICTION_MEDIA	This is a Game of Thrones theory about the fictional Daenerys and her fictional abusive brother.
8256	https://www.reddit.com/r/TwoXChromosomes/comments/42uv7m/how_to_deal_with_abusive_sisterinlaw/	FALSE_POSITIVE	WRONG_RELATION	The alleged abuser is the author's sister-in-law, who abuses the author's husband's brother.
8257	https://www.reddit.com/r/CPTSD/comments/426t0h/trauma_from_domestic_violence_sexual_assault/	INCLUDE		The author explicitly lists sibling abuse among their own childhood traumas while seeking support from other survivors.
8258	https://www.reddit.com/r/SampleSize/comments/41vl7h/academic_sibling_violence_us_ages_1835_who_have/	FALSE_POSITIVE	META_RESEARCH	This is an academic survey recruiting participants about sibling violence, not a first-hand account.
8259	https://www.reddit.com/r/relationships/comments/41nxps/me_21f_at_my_wits_end_with_my_disgusting_and/	INCLUDE		The author's brother repeatedly attacked, bruised, cut, choked, and sexually violated boundaries with them, leaving them afraid and hypervigilant.
8260	https://www.reddit.com/r/relationships/comments/41nwnw/me_21f_at_my_wits_end_with_my_disgusting_and/	INCLUDE		The first-person title identifies the author's own brother as violent and describes being at their wits' end with him.
8261	https://www.reddit.com/r/relationships/comments/41gfad/my_partner_and_i_both_19_f_had_her_brother_22/	FALSE_POSITIVE	WRONG_RELATION	The aggressive man is the author's partner's brother, not the author's own sibling.
8262	https://www.reddit.com/r/rapecounseling/comments/41gdh2/am_i_considered_to_be_damaged/	INCLUDE		The author explicitly says their sister abused them from ages seven through the present and discusses the lasting mental-health effects.
8263	https://www.reddit.com/r/relationships/comments/3zmmiw/me_26_f_is_looking_to_move_in_with_my_boyfriend/	INCLUDE		The author's brother regularly insults and verbally abuses them, reduces them to tears, and makes home life and work functioning unbearable.
8264	https://www.reddit.com/r/raisedbynarcissists/comments/3yfirz/dae_get_abused_by_siblings_and_when_you/	INCLUDE		The author's siblings smothered, hit, tickled, locked up, and terrorized them, leaving them in constant fear.
8265	https://www.reddit.com/r/AgeplayPenPals/comments/3y7mwq/23_m4f_i_want_to_be_taught_all_of_the_things_that/	FALSE_POSITIVE	SEXUAL_FANTASY_ROLEPLAY	This is an age-play solicitation seeking a dominant mother figure or “aggressive sister” as a sexual kink.
8266	https://www.reddit.com/r/getting_over_it/comments/3y55t3/need_advice_on_my_brother_who_was_mostly/	INCLUDE		The author describes recurrent emotional, mental, and sometimes physical abuse and terrorization by a brother seven years older.
8267	https://www.reddit.com/r/IncestPersonals/comments/3y40mc/23_m4f_i_need_a_dominant_mother_figure_in_my_life/	FALSE_POSITIVE	SEXUAL_FANTASY_ROLEPLAY	This is an incest-roleplay solicitation seeking a dominant mother figure or older aggressive sister.
8268	https://www.reddit.com/r/AskReddit/comments/3y28i4/serious_redditora_who_have_been_severly_abused_by/	FALSE_POSITIVE	META_RESEARCH	This is a generic AskReddit question soliciting other people's sibling-abuse experiences, not the author's own account.
8269	https://www.reddit.com/r/raisedbynarcissists/comments/3xzyaw/abusive_sister_pestering_me_about_our_only_alive/	INCLUDE		The author describes living under a sister's unstable, alcoholic guardianship and identifies her treatment as verbal abuse within a first-person account.
8270	https://www.reddit.com/r/ptsd/comments/3xqc7e/nsfw_ptsd_from_a_lot_of_different_things_from_my/	INCLUDE		The author's sister tried to kill them several times and caused PTSD whose memories remain vivid.
8271	https://www.reddit.com/r/AmItheAsshole/comments/3xkax4/aita_for_refusing_to_watch_a_movie_with_my/	INCLUDE		The author's brother beat them, pulled knives, isolated them socially, encouraged self-harm and suicide, and destroyed possessions several times a week for nineteen years.
8272	https://www.reddit.com/r/relationships/comments/3xjczq/im_25m_my_abusive_brother_23m_recently_died_how/	INCLUDE		The author reports verbal, emotional, and physical abuse by a younger brother throughout childhood and adulthood.
8273	https://www.reddit.com/r/raisedbynarcissists/comments/3xg51k/do_i_22f_have_the_right_to_be_angry_at_my_parents/	INCLUDE		The author identifies a sister as abusive and says she curses at them if they do not answer a text within a minute.
8274	https://www.reddit.com/r/relationships/comments/3xdxsk/i_22_f_am_at_a_loss_with_my_cancerstricken_mother/	INCLUDE		The first-person title concerns the author's mother and the holidays with the author's abusive brother.
8275	https://www.reddit.com/r/relationships/comments/3x1t3x/i_19f_am_considering_flying_back_to_college_early/	INCLUDE		The first-person title says the author is considering leaving early to escape their verbally abusive sister and enabling parents.
8276	https://www.reddit.com/r/TrollXChromosomes/comments/3wxrdv/mrw_my_dad_hints_that_i_should_call_my_formerly/	INCLUDE		The first-person title says the author has avoided their formerly abusive brother for two years.
8277	https://www.reddit.com/r/AskReddit/comments/3wtz5m/serious_how_can_i_stop_sibling_bullying/	UNCERTAIN	INSUFFICIENT_CONTEXT	The removed body and generic question do not establish whether the author is a victim, perpetrator, parent, or bystander.
8278	https://www.reddit.com/r/relationships/comments/3wovt1/my_26m_gfs_26f_abusive_brother_30m_is_going_to_be/	FALSE_POSITIVE	THIRD_PERSON_VICTIM	The abusive brother belongs to the author's girlfriend, not the author.
8279	https://www.reddit.com/r/Advice/comments/3wodk9/controlling_mother_and_verbally_abusive_brother/	INCLUDE		The author's brother verbally abuses and intimidates them daily, physically dragged and threw them over a sofa, and gaslights them about the assault.
8280	https://www.reddit.com/r/Parenting/comments/3vqe0x/does_anyone_here_have_experience_with_handling/	FALSE_POSITIVE	THIRD_PERSON_VICTIM	This is a parent's account of bullying between two very young children, not the Reddit author's own sibling victimization.
8281	https://www.reddit.com/r/Undertale/comments/3vn0te/sibling_abuse/	FALSE_POSITIVE	FICTION_MEDIA	The post appears in a subreddit for the fictional game Undertale and has no first-hand real-life content.
8282	https://www.reddit.com/r/relationships/comments/3uzlxz/my_21_m_brother_24_m_is_trying_to_make_me/	INCLUDE		The author's brother steals from, attacks, scratches, lies about, and tries to make them homeless.
8283	https://www.reddit.com/r/exmormon/comments/3uvu95/dealing_with_crazy_tbm_family_abusive_brother_in/	FALSE_POSITIVE	WRONG_RELATION	The alleged abuser is the author's brother-in-law, while the author is seeking help for their sister and her children.
8284	https://www.reddit.com/r/abuse/comments/3ut8w8/exhausted_from_physically_violent_and_aggressive/	INCLUDE		The title presents personal exhaustion caused by a physically violent and aggressive sister in an abuse-support context.
8285	https://www.reddit.com/r/infj/comments/3uov6k/two_questions/	FALSE_POSITIVE	ORDINARY_CONFLICT	The post only describes a brother as passive-aggressive and increasingly angry during minimal contact, without abuse or victimization details.
8286	https://www.reddit.com/r/relationships/comments/3uc5rt/i_21f_no_longer_enjoy_going_to_my_sos_22m_house/	FALSE_POSITIVE	WRONG_RELATION	The abusive sister is the author's significant other's sibling, not the author's own sister.
8287	https://www.reddit.com/r/relationships/comments/3tzg3o/i_26f_have_gone_no_contact_with_my_abusive/	INCLUDE		The author's brother nearly broke their ribs, threatened to burn the house with them inside, destroyed property, violated privacy, and tried to break into their apartment.
8288	https://www.reddit.com/r/askwomenadvice/comments/3txm0k/what_do_i_f39_do_about_my_abusive_sister_in_law/	FALSE_POSITIVE	WRONG_RELATION	The alleged abuser is the author's sister-in-law, who mistreats the author's partner and mother-in-law.
8289	https://www.reddit.com/r/AntiHeroRP/comments/3tiv5e/reintroduction_skybreaker_valkyrie/	FALSE_POSITIVE	FICTION_MEDIA	This is a fictional roleplay character profile whose invented backstory includes abusive sisters.
8290	https://www.reddit.com/r/SuicideWatch/comments/3tihrs/my_mind_is_killing_me/	INCLUDE		The suicidal author directly identifies their own brother as abusive within a first-person account of leaving home.
8291	https://www.reddit.com/r/Assistance/comments/3tb8ht/my_wife_and_i_just_found_out_we_arent_getting_our/	INCLUDE		The author's brother attacked their wife and threatened to shoot the author, prompting a fundraiser to move to safety.
8292	https://www.reddit.com/r/relationships/comments/3tb5yq/me_21_m_with_my_brother_24_m_should_i_disown_him/	INCLUDE		The author's brother stole from, attacked, exploited, and tried to make the author homeless.
8293	https://www.reddit.com/r/medical/comments/3szg3u/my_pelvic_muscle_is_always_tensed_since_my_early/	INCLUDE		The author's aggressive brother made them cry daily, mocked and humiliated them, and contributed to lasting childhood trauma and bodily tension.
8294	https://www.reddit.com/r/raisedbynarcissists/comments/3svnwo/nmom_but_emancipated_son/	INCLUDE		The author's brother beat, threatened with knives, publicly humiliated, and financially exploited them over several years.
8295	https://www.reddit.com/r/AskReddit/comments/3s4tcj/what_should_i_do_about_my_abusive_sister/	INCLUDE		The first-person title asks what the author should do about their own abusive sister.
8296	https://www.reddit.com/r/survivinginfidelity/comments/3s17c5/8_months_no_end_in_sight/	FALSE_POSITIVE	IRRELEVANT	The post concerns the author's wife's infidelity and only mentions a violent brother-in-law as a comparison.
8297	https://www.reddit.com/r/family/comments/3s029m/i_need_help_and_ideas_how_to_cope_this_problem/	INCLUDE		The author's brother stole money and belongings, called them names, choked them, and punched their throat until they nearly passed out.
8298	https://www.reddit.com/r/confession/comments/3rv3v0/tried_to_get_back_at_my_abusive_brother_by/	INCLUDE		The author's brother smashed all their possessions and, along with their father, made life hell and nearly drove the author to suicide.
8299	https://www.reddit.com/r/relationships/comments/3rgrq6/me_19f_with_my_boyfriend_18m_of_2_years_learned/	INCLUDE		The author directly identifies an abusive brother as part of the harmful family environment in which they grew up.
8300	https://www.reddit.com/r/relationships/comments/3rblbw/i_21f_with_mental_illness_dont_know_how_to_help/	INCLUDE		The author's brother steals from and blackmails them and uses violence and threats to control the household, worsening the author's mental health.
8301	https://www.reddit.com/r/MensRights/comments/3r9hkf/personal_anecdote_best_interests_of_the_child/	FALSE_POSITIVE	IRRELEVANT	The violent person is the new husband of the mother of the author's brother's child; the author's own brother is explicitly described as nonviolent.
8302	https://www.reddit.com/r/relationships/comments/3r1xxg/my_older_brother_28m_has_been_verbally_abusive_to/	FALSE_POSITIVE	THIRD_PERSON_VICTIM	The author's brother is described as abusing their mother and sister, including an attempted physical attack on the sister, not victimizing the author.
8303	https://www.reddit.com/r/offmychest/comments/3qic3g/fuck_you_harrisburg/	INCLUDE		The author says they and their wife are trapped living with the author's abusive brother because delayed grant money prevents moving.
8304	https://www.reddit.com/r/RandomActsOfPizza/comments/3qg9ak/just_found_out_my_verballyemotionally_abusive/	FALSE_POSITIVE	WRONG_RELATION	The verbally and emotionally abusive person is the author's brother-in-law, not sibling.
8305	https://www.reddit.com/r/Paranormal/comments/3qe2ce/logical_reasoning_to_childhood_home_events/	FALSE_POSITIVE	IRRELEVANT	The post asks for explanations of alleged paranormal events and only incidentally calls a brother troublesome and violent without describing sibling victimization.
8306	https://www.reddit.com/r/legaladvice/comments/3oi708/how_to_get_rid_of_abusive_sibling_in_ky/	INCLUDE		The author's sister harasses, screams at, hits, and threatens to kill or disfigure them while breaking doors and destroying the home.
8307	https://www.reddit.com/r/fivenightsatfreddys/comments/3oh20d/what_is_seen_in_the_shadows_is_more_literal_than/	FALSE_POSITIVE	FICTION_MEDIA	This is a Five Nights at Freddy's theory involving a fictional child's abusive brother.
8308	https://www.reddit.com/r/relationships/comments/3ogigm/me_23f_with_my_verbally_abusive_brother_30m/	INCLUDE		The first-person title says the author's verbally abusive brother repeatedly bullies them at family reunions.
8309	https://www.reddit.com/r/ptsd/comments/3obp99/looking_for_someone_who_went_to_something_similar/	INCLUDE		The author says their addicted brother abused them for several years and seeks a peer with similar experience.
8310	https://www.reddit.com/r/rational/comments/3o2czl/qso_im_finally_getting_around_to_reading_worm/	FALSE_POSITIVE	FICTION_MEDIA	This is criticism of the fictional story Worm and only mentions a fictional violent sister.
8311	https://www.reddit.com/r/depression/comments/3nytx2/the_past_is_starting_to_affect_me_now_i_cant_keep/	INCLUDE		The author says their younger brother became abusive toward them and other family members for several years, contributing to depression and emotional exhaustion.
8312	https://www.reddit.com/r/AdviceAnimals/comments/3ny9zh/passive_aggressive_sister_excuse/	FALSE_POSITIVE	ORDINARY_CONFLICT	The empty meme-style post only references a “passive aggressive sister excuse” without a first-hand abuse account.
8313	https://www.reddit.com/r/Advice/comments/3nowdr/what_did_i_do/	FALSE_POSITIVE	THIRD_PERSON_VICTIM	The abusive sister belongs to the author's former friend; the author's own victimization was by that friend rather than a sibling.
8314	https://www.reddit.com/r/AskTrollX/comments/3n5i07/should_my_wife_and_i_wait_until_december_for_a/	INCLUDE		The first-person title asks whether the author and their wife should move sooner to escape the author's sociopathic, abusive brother.
8315	https://www.reddit.com/r/ftm/comments/3mzcmg/any_help_on_coming_out_sorry_new_to_reddit/	INCLUDE		The author identifies their own sister as extremely abusive and fears her reaction to coming out as transgender.
8316	https://www.reddit.com/r/aspergers/comments/3myab2/looking_for_advice_on_abusive_sister/	INCLUDE		The title presents a personal request for advice about an abusive sister.
8317	https://www.reddit.com/r/needadvice/comments/3mjrou/emotionally_abusive_sister_im_a_grad_in_college/	INCLUDE		The first-person title says the author lives with their emotionally abusive sister.
8318	https://www.reddit.com/r/relationships/comments/3mjdfj/my_23m_wifes_24_sister_22_is_abusing_my_wife_and/	FALSE_POSITIVE	WRONG_RELATION	The abusive sister is the author's wife's sibling, not the author's own sibling.
8319	https://www.reddit.com/r/relationships/comments/3mj9dw/me_19_f_with_my_boyfriend19m_of_14_months_wants/	FALSE_POSITIVE	THIRD_PERSON_VICTIM	The abusive brother belongs to a female friend discussed in a story otherwise about romantic jealousy.
8320	https://www.reddit.com/r/Advice/comments/3mc40w/trying_to_make_sense_and_dealing_with_abusive/	INCLUDE		The author says abuse by their brother began in childhood and describes his manipulative accusations and lies targeting them within a toxic shared home.
8321	https://www.reddit.com/r/offmychest/comments/3m4hfs/ive_carried_this_for_27_years_this_is_the_story/	INCLUDE		While confessing to bullying another child, the author explicitly identifies their own brother as abusive in a first-person childhood comparison.
8322	https://www.reddit.com/r/relationship_advice/comments/3lmyjt/female_22i_feel_like_im_not_good_enough_for_the/	FALSE_POSITIVE	THIRD_PERSON_VICTIM	The physically abusive brother belongs to the author's boyfriend, whose difficult upbringing is described second-hand.
8323	https://www.reddit.com/r/depression/comments/3l9aqn/can_we_talk_about_sibling_bullying/	FALSE_POSITIVE	META_RESEARCH	The generic discussion title and deleted body do not present the author's own experience.
8324	https://www.reddit.com/r/relationships/comments/3kumad/i_21m_need_to_get_my_physically_abusive_brother/	FALSE_POSITIVE	THIRD_PERSON_VICTIM	The brother's physical and verbal abuse is described as targeting the author's mother, whom the author wants to protect.
8325	https://www.reddit.com/r/relationships/comments/3jvzn7/me_28_m_with_my_wife_25_f_of_nearly_2_years_6/	FALSE_POSITIVE	IRRELEVANT	The post concerns the author's wife's infidelity and only mentions her aggressive brother-in-law as a comparison.
8326	https://www.reddit.com/r/Advice/comments/3jdiwy/my_m29_parents_are_helping_my_violent_brother_to/	INCLUDE		The first-person title expresses concern that the author's parents are helping their violent brother move to a nearby country.
8327	https://www.reddit.com/r/abuse/comments/3ixxet/im_not_sure_if_im_ready_to_tell_my_counselor/	INCLUDE		The author's brother belittled, hit, kicked, shoved, punched, choked, threatened, and cornered them throughout childhood.
8328	https://www.reddit.com/r/Advice/comments/3iwedg/abusive_sister_dont_know_what_to_do/	INCLUDE		The personal advice-seeking title says the author does not know what to do about an abusive sister.
8329	https://www.reddit.com/r/self/comments/3iizht/family_wont_respect_my_wishes_to_warn_me_when_my/	INCLUDE		The first-person title says the family will not warn the author when their formerly or partly abusive brother visits.
8330	https://www.reddit.com/r/AgentGame/comments/3i84zf/crnchwatch_sinister_2_online_free_full_movie/	FALSE_POSITIVE	FICTION_MEDIA	This is spam promoting the horror film Sinister 2 and mentions a fictional aggressive brother in the movie review.
8331	https://www.reddit.com/r/needadvice/comments/3i4a10/relationships_friends_family_and_otherwise_feel/	INCLUDE		The author's sister maimed and disfigured them, enabled sexual abuse, and physically abused them from ages five to seventeen.
8332	https://www.reddit.com/r/relationships/comments/3ht4dq/me_26_mf_with_my_5656_mf_family_cant_seen_to_set/	INCLUDE		The first-person title concerns the author's family being unable to let go of their drug-abusive brother.
8333	https://www.reddit.com/r/Askasurvivor/comments/3hj7mf/swords_to_plows_borson_style/	FALSE_POSITIVE	FICTION_MEDIA	This is a fictional superhero or science-fiction roleplay scene with an aggressive brother.
8334	https://www.reddit.com/r/BPD/comments/3hhybk/im_so_fucking_sick_of_being_the_unstable_one/	INCLUDE		The author's brother screams vindictively, throws punches, and leaves the author hiding behind a damaged door and driven toward self-harm.
8335	https://www.reddit.com/r/Chespin/comments/3h1pd0/new_releases_32/	FALSE_POSITIVE	IRRELEVANT	This is keyword-stuffed download spam that incidentally includes a news headline fragment about sibling aggression.
8336	https://www.reddit.com/r/raisedbynarcissists/comments/3gtxkf/my_45_year_old_derangedviolent_brother_is_causing/	INCLUDE		The author's stepbrother subjected them to years of paranoia, accusations, frightening violence, psychological torture, and credible fear of serious harm.
8337	https://www.reddit.com/r/rant/comments/3gsude/fuck_this_world_good_things_are_happening_to_me/	FALSE_POSITIVE	PERPETRATOR_ONLY	The author confesses to verbally and physically abusing their younger brother and does not report sibling abuse against themselves.
8338	https://www.reddit.com/r/Advice/comments/3gpkso/my_45_year_old_derangedviolent_brother_is_causing/	INCLUDE		The author's stepbrother subjected them to years of paranoia, accusations, frightening violence, psychological torture, and credible fear of serious harm.
8339	https://www.reddit.com/r/relationships/comments/3gi12f/i_23m_fell_in_love_with_46f_and_in_a_relationship/	FALSE_POSITIVE	THIRD_PERSON_VICTIM	The abusive sister belongs to the author's older partner, whose family history is mentioned second-hand.
8340	https://www.reddit.com/r/getting_over_it/comments/3gb0c6/i_want_to_get_better_without_medication_please/	INCLUDE		The author grew up with an aggressive sibling in a violent home, walking on eggshells, and links that upbringing to long-term anxiety and depression.
8341	https://www.reddit.com/r/Marvel/comments/3fviab/so_the_things_iconic_phrase_in_the_fantastic_four/	FALSE_POSITIVE	FICTION_MEDIA	This is discussion of the fictional Fantastic Four character Ben Grimm and his fictional abusive brother.
8342	https://www.reddit.com/r/relationships/comments/3fnq3g/me_20f_with_my_violent_abusive_brother_24m_his/	INCLUDE		The author's brother suffocated, beat, humiliated, robbed, controlled, and repeatedly assaulted them over twenty years, recently choking them and smashing their head into a wall.
8343	https://www.reddit.com/r/relationships/comments/3f6v1s/im_31m_not_sure_how_to_broach_the_topic_of_how/	INCLUDE		The author cut off their brother after long-term emotional and physical abuse dating to childhood and resists parental pressure to reunite.
8344	https://www.reddit.com/r/relationships/comments/3f610q/i_18_m_cant_stand_my_brother_13_m_but_my_mother/	INCLUDE		The author's brother steals from them, rages and punches objects, makes false accusations, and manipulates their mother against the author.
8345	https://www.reddit.com/r/asoiaf/comments/3f2agc/spoilers_all_a_happy_ending/	FALSE_POSITIVE	FICTION_MEDIA	This is A Song of Ice and Fire character analysis involving the fictional Daenerys and her fictional abusive brother.
8346	https://www.reddit.com/r/fivenightsatfreddys/comments/3f0hww/spoilers_i_dont_think_we_play_as_the_kid_from_the/	FALSE_POSITIVE	FICTION_MEDIA	This is a Five Nights at Freddy's theory about a fictional child and abusive brother.
8347	https://www.reddit.com/r/raisedbynarcissists/comments/3etzzw/an_attempt_at_a_full_story_my_own_time_in_hell/	INCLUDE		The author gives an extensive first-person account of an older sister's psychological abuse, threats, control, humiliation, and prolonged terror.
8348	https://www.reddit.com/r/TwoXChromosomes/comments/3eim7t/feeling_upset_would_like_advice/	FALSE_POSITIVE	ORDINARY_CONFLICT	The author explicitly says their brother is not abusive and describes one mutual verbal fight in which he slapped them once.
8349	https://www.reddit.com/r/depression/comments/3ef932/im_my_worse_enemy/	FALSE_POSITIVE	WRONG_RELATION	The abusive person is the author's brother-in-law, who hits the author's sister.
8350	https://www.reddit.com/r/ABCDesis/comments/3eagy6/follow_up_to_abusive_brother_question/	INCLUDE		This is the author's personal follow-up to an earlier “Abusive Brother” question about changing their own family situation.
8351	https://www.reddit.com/r/legaladvice/comments/3e79f5/intersibling_abuse_laws_in_ontario_canada_can/	UNCERTAIN	INSUFFICIENT_CONTEXT	The anonymized legal question about two siblings' childhood sexual contact does not identify whether the author is the victim, alleged perpetrator, parent, or another party.
8352	https://www.reddit.com/r/raisedbynarcissists/comments/3dy0sd/collateral_damage/	INCLUDE		The author identifies their brother as equally abusive within their no-contact family and discusses healing from the resulting wounds.
8353	https://www.reddit.com/r/MMFB/comments/3dkwam/my_parents_refuse_to_attend_my_wedding_because_my/	INCLUDE		The author's older brother sexually harassed, spied on, and raped them, while their parents protected him and later demanded his wedding invitation.
8354	https://www.reddit.com/r/relationships/comments/3db4lf/me_22f_with_therapist_f_age_unknown_one_session/	INCLUDE		The author says therapy revealed that their brother is verbally abusive and reports a recent incident with him that caused panic.
8355	https://www.reddit.com/r/AudreyTautou/comments/3d0qu0/movonline_watch_girlhood_movie_2015_free_1080p/	FALSE_POSITIVE	FICTION_MEDIA	This is movie-download spam summarizing the fictional film Girlhood and its abusive brother character.
8356	https://www.reddit.com/r/clevelandms/comments/3cne90/onlinestream_watch_girlhood_full_movie_stream/	FALSE_POSITIVE	FICTION_MEDIA	This is movie-stream spam summarizing the fictional film Girlhood and its physically abusive brother character.
8357	https://www.reddit.com/r/offmychest/comments/3cky39/crush_from_the_past/	INCLUDE		The author says they were raised with an abusive sister and links that family environment to their childhood anger.
8358	https://www.reddit.com/r/offmychest/comments/3cevyt/my_family_being_the_cause_of_my_awkwardnesssocial/	INCLUDE		The author's much older brother repeatedly bullied, hit, shoved, screamed at, humiliated, controlled, and invaded their privacy, causing lasting social anxiety.
8359	https://www.reddit.com/r/parentlessbychoice/comments/3caqdc/went_nc_with_mother_and_brother_on_saturday/	INCLUDE		The author's brother sends abusive messages, accusations, and guilt trips as part of the family mistreatment that led the author to no contact.
8360	https://www.reddit.com/r/depression/comments/3c4z96/abuse_neglect_and_dysthymia/	INCLUDE		The author's sister physically abused them at home and tormented them at school for years, contributing to depression, anxiety, isolation, and suicidality.
8361	https://www.reddit.com/r/TwoXChromosomes/comments/3boxuy/what_happened_to_the_abusive_brother_story/	FALSE_POSITIVE	REPOST_ARCHIVE	The post asks for an update about another Reddit user's abusive-brother story rather than providing the author's own account.
8362	https://www.reddit.com/r/TwoXChromosomes/comments/3bknmi/what_happened_to_the_posts_about_the_girl_and_her/	FALSE_POSITIVE	REPOST_ARCHIVE	The post asks what happened to another girl's abusive-brother posts rather than providing the author's own account.
8363	https://www.reddit.com/r/TwoXChromosomes/comments/3bfnfc/i_have_an_idea_of_creating_a_social_network/	FALSE_POSITIVE	META_RESEARCH	The author proposes a shelter platform inspired by another teenager's abusive-brother post, not their own sibling experience.
8364	https://www.reddit.com/r/relationships/comments/3ba4le/me_27f_with_my_ex_28_m_of_six_years_total/	INCLUDE		The author says their brother sexually abused them for years and that attending a wedding with him triggered hospitalization and severe PTSD symptoms.
8365	https://www.reddit.com/r/relationships/comments/3b3g28/i_18f_can_no_longer_live_with_my_abusive_sister/	INCLUDE		The author's sister daily tells them they are worthless, should die, and deserve rape, causing fear of suicide or violent crisis.
8366	https://www.reddit.com/r/relationships/comments/3asw43/my_sister_18_f_hates_me_my_19_f_boyfriend_19_m/	INCLUDE		The author's sister repeatedly yells, insults, and verbally harasses them and their relationship while their parents enable the behavior.
8367	https://www.reddit.com/r/WastelandPowers/comments/3ai25d/event_war_is_an_art_that_we_must_perfect_53/	FALSE_POSITIVE	FICTION_MEDIA	This is fictional nation-building or roleplay where “violent sibling” metaphorically describes a military arm.
8368	https://www.reddit.com/r/ptsd/comments/3a9hxe/any_information_on_siblings_of_a_child_that_was/	FALSE_POSITIVE	WRONG_RELATION	The author was physically abused by their mother; their siblings witnessed it, and the post seeks information about witnessing parental abuse.
8369	https://www.reddit.com/r/relationships/comments/39rql1/i_21f_am_in_an_unhealthy_relationship_with_my_24m/	INCLUDE		The author says they previously lived with an emotionally abusive sister who took advantage of them and moved to a shelter to escape.
8370	https://www.reddit.com/r/raisedbynarcissists/comments/38uhjw/advice_request_i_dont_know_how_much_longer_i_can/	FALSE_POSITIVE	PERPETRATOR_ONLY	The author's mother labels the author an abusive sibling after arguments with a nine-year-old sister; the post does not describe the sister abusing the author.
8371	https://www.reddit.com/r/relationships/comments/38sosl/nonromantic_parents_enabling_my_abusive_sister/	INCLUDE		The author's sister has verbally and mentally abused them for a decade through death and rape wishes, degradation, control, rages, and destruction.
8372	https://www.reddit.com/r/Advice/comments/38kl5a/best_way_to_handle_a_mildly_abusive_brother/	INCLUDE		The author's brother repeatedly physically manhandles them and recently called them misogynistic slurs, grabbed them hard, and shoved them.
8373	https://www.reddit.com/r/AskReddit/comments/38kj27/how_to_handle_a_mildly_abusive_brother_comedy_ok/	INCLUDE		The first-person question asks how the author should handle their mildly abusive brother.
8374	https://www.reddit.com/r/raisedbynarcissists/comments/381ic2/guilt_over_lc_with_lessnarcy_relatives/	INCLUDE		The author says they went no-contact with their abusive brother and parents and describes lingering anxiety from that family.
8375	https://www.reddit.com/r/jessiesparents/comments/37uabo/regarding_the_duggar_scandal_are_there_any/	FALSE_POSITIVE	NEWS_THIRD_PERSON	This is a general discussion of the Duggar scandal and how parents should handle sibling abuse, not the author's own experience.
8376	https://www.reddit.com/r/relationships/comments/37tmja/me_22m_with_my_verbally_abusive_father_57m_and/	INCLUDE		The author's brother verbally abuses and hits them and once threw them into a wall hard enough to cause loss of consciousness.
8377	https://www.reddit.com/r/bullying/comments/37lykc/how_i_finally_got_the_courage_to_beat_the_fuck/	INCLUDE		The author details daily physical and mental abuse by an older brother from ages three to fifteen before violently retaliating.
8378	https://www.reddit.com/r/legaladvice/comments/37l948/ia_us_can_a_minor_take_legal_action_against_their/	INCLUDE		The minor author identifies an abusive brother as part of the household abuse that caused a breakdown and expulsion from home.
8379	https://www.reddit.com/r/ptsd/comments/3761pp/i_finally_cut_ties_with_my_sister_and_i_feel/	INCLUDE		The author cut ties with a sister who verbally, emotionally, and previously physically abused them and caused PTSD.
8380	https://www.reddit.com/r/SuicideWatch/comments/36z3di/i_just_dont_know_what_to_do_anymore/	UNCERTAIN	INSUFFICIENT_CONTEXT	The author calls their brother episodically violent but does not say whether his violence or mistreatment was directed at the author.
8381	https://www.reddit.com/r/ExNoContact/comments/36xb80/words_i_wish_i_could_say/	FALSE_POSITIVE	THIRD_PERSON_VICTIM	The abusive brother belongs to the author's ex-partner; the author's own alleged abuser is the ex.
8382	https://www.reddit.com/r/HFY/comments/36jufd/frostfall_part_1/	FALSE_POSITIVE	FICTION_MEDIA	This is a high-fantasy story with fictional sibling aggression.
8383	https://www.reddit.com/r/raisedbynarcissists/comments/36f9io/support_really_sad_and_want_to_cry_because_of_my/	INCLUDE		The author's brother has physically and emotionally abused them, currently belittling, insulting, shouting at, and shutting them down.
8384	https://www.reddit.com/r/raisedbynarcissists/comments/36cqyw/nmother_shamed_me_for_my_last_post_really_long/	INCLUDE		The author explicitly identifies an abusive sister whom they have cut off, within a first-person family-abuse account.
8385	https://www.reddit.com/r/Anxiety/comments/36a834/cant_work_cant_quit_cant_recover/	INCLUDE		The author says returning to live with their abusive sister would make life intolerable and worsen an already severe mental-health crisis.
8386	https://www.reddit.com/r/mensrightslinks/comments/363hfl/dvipvgovernment_the_invisible_boy_revisioning_the/	FALSE_POSITIVE	META_RESEARCH	This shares a government report on male child victimization and mentions sibling violence generally.
8387	https://www.reddit.com/r/relationships/comments/35x5ic/how_to_stop_being_interested_in_girls_20m/	INCLUDE		The author directly identifies their sister as emotionally abusive and says her treatment contributed to lasting anger and hurt toward women.
8388	https://www.reddit.com/r/TrueOffMyChest/comments/35rcxn/my_family_abusive_brother_twisted_sister_daft/	FALSE_POSITIVE	THIRD_PERSON_VICTIM	The author says their brother has not yet directed violence or toxic remarks toward them; the described assaults and verbal abuse target their mother.
8389	https://www.reddit.com/r/ACON_Support/comments/35b1wo/upcoming_mothers_day_and_my_impending_labor_is/	FALSE_POSITIVE	WRONG_RELATION	The “abusive sister from hell” is the author's husband's sister, while the author's own post concerns distant family relationships.
8390	https://www.reddit.com/r/Advice/comments/358lo0/how_to_escape_from_my_abusive_brother/	INCLUDE		The author's brother threatens to kill them, towers over and taunts them, and controls the household through violence and fear.
8391	https://www.reddit.com/r/relationships/comments/34zcim/transitional_breakup_with_my_25_m_girlfriend_25f/	FALSE_POSITIVE	THIRD_PERSON_VICTIM	The emotionally abusive brother belongs to the author's girlfriend, whose controlling family is discussed second-hand.
8392	https://www.reddit.com/r/Assistance/comments/34lvqg/if_someone_can_help_with_rent_i_will_have_no/	INCLUDE		The author's brother verbally abuses, blames, threatens, and challenges them to fight, prompting a request for moving assistance.
8393	https://www.reddit.com/r/Assistance/comments/34h1gr/im_17_years_old_and_i_need_assistance/	INCLUDE		The minor author says their younger sister mirrors their mother's mental abuse and that an older abusive brother also moved in, amid death wishes and degradation.
8394	https://www.reddit.com/r/self/comments/34g9k0/the_man_that_molested_my_brother_and_i_as_kids/	INCLUDE		The author identifies an abusive brother as part of the harmful childhood family environment resurfacing alongside memories of molestation by another relative.
8395	https://www.reddit.com/r/tifu/comments/34askt/tifu_by_instant_messaging_my_crush_how_i_felt/	INCLUDE		The author says they grew up with a violent sister with borderline personality disorder as part of years of childhood harm.
8396	https://www.reddit.com/r/relationships/comments/3472y2/help_my_21f_abusive_brother_24m_whom_i_hate/	INCLUDE		The author's brother punched, stalked, degraded, robbed, isolated, and psychologically tormented them for years before his death.
8397	https://www.reddit.com/r/relationship_advice/comments/33ix2b/deadbeat_brother_and_girlfriend_mooching_off_mom/	FALSE_POSITIVE	THIRD_PERSON_VICTIM	The brother's verbal abuse is described as targeting the author's mother and the brother's girlfriend, not the author.
8398	https://www.reddit.com/r/relationships/comments/33a0my/i_20f_cannot_return_home_because_of_issues_with/	INCLUDE		The author's violent sister attacked them, sends abusive messages, sabotages their study, and laughs while parents enable her.
8399	https://www.reddit.com/r/relationships/comments/32q3mh/update_me_18f_with_my_sexistabusive_brother_26m_i/	INCLUDE		The author's brother threatens, intimidates, and demands that they change to avoid provoking his uncontrollable anger, causing fear that he will prevent escape.
8400	https://www.reddit.com/r/SuicideWatch/comments/32cj7l/how_my_life_got_ruined/	INCLUDE		The author says they had to leave home to escape an abusive brother who heard voices and believed the author was the antichrist.
8401	https://www.reddit.com/r/raisedbynarcissists/comments/322vmm/nmom_dying_would_like_some_support_please/	INCLUDE		The author describes an intensely abusive biological family, identifies their brother as abusive, and refuses renewed contact after a tormented childhood.
8402	https://www.reddit.com/r/raisedbynarcissists/comments/322ufm/would_like_some_encouragement_and_support/	INCLUDE		The author describes an abusive biological family, identifies their brother as abusive, and refuses renewed contact after a tormented childhood.
8403	https://www.reddit.com/r/Advice/comments/31ouar/serious_what_are_your_thoughts_on_a_person/	INCLUDE		The author's brother directs anger, repeated calls, manic messages, paranoid accusations, and frightening behavior at them, causing panic attacks.
8404	https://www.reddit.com/r/AskReddit/comments/31oslp/serious_what_are_your_thoughts_on_a_person/	INCLUDE		The title presents the author's question about distancing from a verbally abusive sibling who refuses mental-health treatment.
8405	https://www.reddit.com/r/nosleep/comments/31hq7k/im_addicted_to_sleep/	FALSE_POSITIVE	FICTION_MEDIA	This is a fictional NoSleep horror story involving a brother who beats and stabs the narrator.
8406	https://www.reddit.com/r/vargas/comments/31h1pe/vargas_saved_my_life_tonight_possibly_literally/	FALSE_POSITIVE	WRONG_RELATION	The alleged abusive sister is the author's father's sister, making her the author's aunt; the author's direct abuser is their father.
8407	https://www.reddit.com/r/offmychest/comments/315gjm/im_sick_of_my_abusive_sister/	INCLUDE		The author describes their sister as abusive within the shared home and reports her stealing from the author's private refrigerator and other family members.
8408	https://www.reddit.com/r/offmychest/comments/3105i3/thoughts_on_my_abusive_sibling/	INCLUDE		The author's older sister beat, mocked, verbally abused, stole from, terrified, and played cruel tricks on them for thirteen years.
8409	https://www.reddit.com/r/relationships/comments/30ufis/my_23_m_brother_25_m_has_been_slipping_into/	INCLUDE		The author's brother repeatedly directs threats, vitriol, insults, paranoia, and hateful drunken abuse at them, causing fear for their safety.
8410	https://www.reddit.com/r/raisedbynarcissists/comments/30r7yu/just_needing_to_vent_to_the_void_support/	INCLUDE		The author says their sister used them as a punching bag, repeatedly hurt and treated them badly, and continues to provoke anxiety through family pressure.
8411	https://www.reddit.com/r/offmychest/comments/30n6km/i_dont_know_what_to_do_about_my_scary_abusive/	INCLUDE		The author's brother screams slurs at them, terrorizes the household, abuses animals, and creates credible fear of lethal violence.
8412	https://www.reddit.com/r/offmychest/comments/30582p/i_want_my_nephew_to_live_with_his_mom_but_afraid/	FALSE_POSITIVE	THIRD_PERSON_VICTIM	The author's brother physically abuses his girlfriend and child, while the author is caring for the nephew and does not report personal victimization.
8413	https://www.reddit.com/r/AskReddit/comments/2yypb0/how_do_i_deal_with_an_abusive_brother/	INCLUDE		The first-person question asks how the author should deal with their abusive brother.
8414	https://www.reddit.com/r/confession/comments/2ydu5f/childhood_memory_that_is_eating_away_at_me/	FALSE_POSITIVE	PERPETRATOR_ONLY	The author fears they may have acted as an abusive brother after touching a younger sister sexually and does not report being abused by a sibling.
8415	https://www.reddit.com/r/self/comments/2y2xn7/how_do_i_move_on_what_do_i_do/	INCLUDE		The author directly identifies both a brother and a sister as their abusers, including sexual and ongoing mental abuse by the sister.
8416	https://www.reddit.com/r/parentlessbychoice/comments/2xjrm8/im_new_and_i_could_use_some_validation/	INCLUDE		The author gives an extensive first-hand account of physical, verbal, sexual, and death-threatening abuse by their younger half-brother.
8417	https://www.reddit.com/r/relationships/comments/2x0ovg/my_fiancés_abusive_sister_in_law_29f_is_demanding/	FALSE_POSITIVE	WRONG_RELATION	The title concerns the author's fiancé's sister-in-law, not the author's own sibling.
8418	https://www.reddit.com/r/legaladvice/comments/2wpyay/legal_action_against_abusive_brother/	FALSE_POSITIVE	THIRD_PERSON_VICTIM	The author's brother is described as emotionally and physically abusing their mother; the author does not report being personally abused by him.
8419	https://www.reddit.com/r/relationships/comments/2wicfq/my_20f_gf_with_her_25m_whole_life/	FALSE_POSITIVE	THIRD_PERSON_VICTIM	The author is seeking help for a girlfriend whose own brother has hit and threatened her, so the sibling-abuse victim is not the Reddit author.
8420	https://www.reddit.com/r/NoFap/comments/2wgdfm/day_67_extreme_hocd/	INCLUDE		The author states that they grew up with a physically abusive sister, providing a first-person account despite the post's main topic being HOCD.
8421	https://www.reddit.com/r/SAORP/comments/2w6xza/character_fenrir/	FALSE_POSITIVE	FICTION_MEDIA	This is a Sword Art Online role-play character profile whose abusive older brother is part of the fictional character's backstory.
8422	https://www.reddit.com/r/offmychest/comments/2vfjec/abusive_sibling/	INCLUDE		The author describes years of physical and verbal abuse, intimidation, vandalism, and current torment by their older brother.
8423	https://www.reddit.com/r/abuse/comments/2vejps/violent_sibling/	INCLUDE		The author recounts years of choking, hitting, throwing, verbal degradation, intimidation, and current harassment by their older brother.
8424	https://www.reddit.com/r/nosleep/comments/2v7rn6/i_work_for_the_child_protection_services_we_have/	FALSE_POSITIVE	FICTION_MEDIA	This is a fictional horror story posted in r/nosleep, and its apparently abusive brother is a narrative red herring rather than the author's real sibling.
8425	https://www.reddit.com/r/gonewildaudio/comments/2v15e3/script_offerf_top_10_favorite_scripts_of_my_own/	FALSE_POSITIVE	SEXUAL_FANTASY_ROLEPLAY	This is a collection of erotic audio scripts, including a fictional “abusive sister” incest series, not a real-life account.
8426	https://www.reddit.com/r/asoiaf/comments/2uohx3/is_anyone_else_neutral_to_a_lot_of_these_topics/	FALSE_POSITIVE	FICTION_MEDIA	The post discusses fictional Game of Thrones/A Song of Ice and Fire character Daenerys and her abusive brother.
8427	https://www.reddit.com/r/Advice/comments/2uksk9/need_advice_on_how_to_handle_runin_with_my/	FALSE_POSITIVE	WRONG_RELATION	The abusive and threatening man is the author's wife's brother, making him a brother-in-law rather than the author's own sibling.
8428	https://www.reddit.com/r/offmychest/comments/2udknw/last_time_i_was_here_someone_asked_what_my/	INCLUDE		The author calls their brother emotionally abusive, says he antagonizes them whenever their parents leave, and attributes suicidal distress to his behavior.
8429	https://www.reddit.com/r/SuicideWatch/comments/2ud8gf/last_time_i_was_here_someone_asked_what_my/	INCLUDE		The first-person title explicitly identifies the author's emotionally abusive brother and describes a recorded fit involving the author.
8430	https://www.reddit.com/r/relationships/comments/2u9xer/i_18m_got_too_attached_to_my_exgf_17f_she_got/	INCLUDE		The author identifies an abusive brother as part of their difficult home life and links that upbringing to ongoing trust issues and reluctance to be home.
8431	https://www.reddit.com/r/relationships/comments/2t9ao4/me_27_m_with_my_girlfriend_25_f_of_a_year_she_is/	FALSE_POSITIVE	THIRD_PERSON_VICTIM	The author recounts his girlfriend's sexual abuse by her brother and his own reaction to it; the sibling-abuse survivor is not the Reddit author.
8432	https://www.reddit.com/r/PrayerRequests/comments/2t3xeq/friend_may_be_attempting_suicide_tonight/	FALSE_POSITIVE	THIRD_PERSON_VICTIM	The author requests prayers for a suicidal friend who has an abusive brother, rather than describing abuse by the author's own sibling.
8433	https://www.reddit.com/r/PercyJacksonRP/comments/2szdtr/introduction_lock_tarium_the_son_of_mars/	FALSE_POSITIVE	FICTION_MEDIA	This is a Percy Jackson role-play profile in which an abusive brother appears in a fictional demigod character's backstory.
8434	https://www.reddit.com/r/exmormon/comments/2syn6b/my_mormon_story_mother_passed_away_left_midmission/	INCLUDE		The author recounts growing up with a physically and emotionally abusive sister and later experiencing flashbacks and recovery from that abuse.
8435	https://www.reddit.com/r/raisedbynarcissists/comments/2su6ql/allowed_sibling_to_torment_you_tw/	INCLUDE		The author describes an older brother's years of verbal, emotional, and physical abuse and says a sister continues similar treatment.
8436	https://www.reddit.com/r/raisedbynarcissists/comments/2siuqj/update_abused_by_brother_growing_up_opportunity/	INCLUDE		The author provides a first-person update about reporting childhood assault and sexual abuse by their brother, resulting in arrest warrants.
8437	https://www.reddit.com/r/Advice/comments/2sc13x/i_need_help_on_how_to_deal_with_an_abusive_sister/	FALSE_POSITIVE	THIRD_PERSON_VICTIM	The sister and her boyfriend are described as mutually abusive toward each other; the author is distressed by the family fallout but does not report sibling abuse directed at them.
8438	https://www.reddit.com/r/relationships/comments/2rubwi/me_21_f_with_my_friend_21_f_becoming_good_friends/	INCLUDE		The author states that her brother has emotionally and sometimes physically abused her throughout her life and describes the resulting emotional scars.
8439	https://www.reddit.com/r/legaladvice/comments/2roa1y/kids_stuck_in_a_bad_situation_possible_marriage/	FALSE_POSITIVE	THIRD_PERSON_VICTIM	The author's sister and the sister's boyfriend abuse her children and each other; the author is trying to help the nieces and does not report being abused by the sister.
8440	https://www.reddit.com/r/relationships/comments/2rh3is/me_21_mf_dealing_with_my_abusive_brother_23_mf/	INCLUDE		The author gives a first-hand account of lifelong emotional abuse and incidents of slapping, shoving, and choking by their brother.
8441	https://www.reddit.com/r/AskReddit/comments/2qur6n/serious_is_sibling_bullying_acceptable/	INCLUDE		The author describes years of bullying and threats of physical violence by an older brother that left them frightened.
8442	https://www.reddit.com/r/raisedbynarcissists/comments/2qsfkd/a_dream_i_had_about_my_emom_w_extra_fleas/	INCLUDE		The author identifies an emotionally unstable, abusive brother whose treatment and their mother's enabling caused them to avoid the family home.
8443	https://www.reddit.com/r/TrollXChromosomes/comments/2qo5oz/mrw_im_home_for_winter_break_and_my_abusive/	INCLUDE		The first-person title identifies the author's abusive brother and expresses distress about having to stay with him during winter break.
8444	https://www.reddit.com/r/relationships/comments/2qmjcf/i_22_m_want_to_cut_all_contact_with_my_abusive/	INCLUDE		The author describes verbal and emotional abuse, insults, and threats against their property by their sister and seeks to cut contact.
8445	https://www.reddit.com/r/tipofmytongue/comments/2ql69w/tomt_movie_im_looking_for_an_asian_movie/	FALSE_POSITIVE	FICTION_MEDIA	The abusive brother is part of the plot description of an unidentified Asian movie, not the author's real sibling.
8446	https://www.reddit.com/r/offmychest/comments/2qg6te/getting_over_the_ghosts_of_christmas_past_and_a/	INCLUDE		The author identifies a violent sister as part of an abusive childhood home that left lasting fear, trauma, and a need to flee.
8447	https://www.reddit.com/r/raisedbynarcissists/comments/2qfeyt/narc_abusive_sister_interaction_from_hell_just/	INCLUDE		The author gives a detailed account of childhood beatings, confinement, terrorization, and renewed intimidation by an older sister.
8448	https://www.reddit.com/r/relationships/comments/2q9m00/me_19_m_with_my_abusive_brother_18_last_5_years/	INCLUDE		The author reports that his younger brother verbally abuses him and repeatedly beats him until he bleeds.
8449	https://www.reddit.com/r/TheRedPill/comments/2pwxed/field_report_2014_if_you_have_standards_youre_in/	INCLUDE		The author describes being bullied by his sister through raging, hiding possessions, taking his food, and sustained vicious personal attacks.
8450	https://www.reddit.com/r/raisedbynarcissists/comments/2pw89r/abused_by_brother_growing_up_opportunity_to_put/	INCLUDE		The author recounts childhood sexual coercion and molestation by an older brother and is deciding whether to provide evidence to police.
8451	https://www.reddit.com/r/raisedbynarcissists/comments/2pmnnj/realizing_i_cant_live_with_them_pt_2_the/	INCLUDE		The author directly identifies a brother as abusive within a first-person account of trying to escape an unsafe and controlling family environment.
8452	https://www.reddit.com/r/TwoXChromosomes/comments/2p8z3q/i_have_a_pretty_sensitive_request_to_ask_of_you/	INCLUDE		The author says she was raised with abusive sisters and identifies the eldest as the most abusive while recounting a serious childhood incident with her.
8453	https://www.reddit.com/r/needadvice/comments/2p6qd2/21f_planning_on_leaving_my_emotionally_abusive/	INCLUDE		The author reports that an abusive sister swung a knife at her, steals her clothing, and verbally attacks her, contributing to her need to flee home.
8454	https://www.reddit.com/r/relationships/comments/2p19zp/my_23f_volatile_and_verbally_abusive_brother_33m/	INCLUDE		The author describes a half-brother's repeated yelling, domineering behavior, insults, and criticism that leave her fearful, crying, and worried he will verbally abuse her directly.
8455	https://www.reddit.com/r/relationship_advice/comments/2ou35t/20m_my_girlfriend_18f_wants_to_break_up_with_me/	FALSE_POSITIVE	WRONG_RELATION	The abusive sibling is the author's girlfriend's brother, who abuses the girlfriend and assaulted the author, but is not the author's own sibling.
8456	https://www.reddit.com/r/depression/comments/2o9wdf/i_managed_to_get_myself_out_of_bed_today_this_is/	INCLUDE		The author identifies an abusive sister who raised them and another sister during childhood as part of the lifelong trauma contributing to current depression.
8457	https://www.reddit.com/r/relationships/comments/2o3cqb/me_23_f_with_my_partner_24_m_of_15_years_death/	INCLUDE		The author describes direct verbal abuse and intimidation by her brother within a pattern of violence, rape, assault, and death threats that makes her feel unsafe.
8458	https://www.reddit.com/r/shortstories/comments/2nugpx/dear_desmond_mf/	FALSE_POSITIVE	FICTION_MEDIA	This is an explicitly labeled short story in which an abusive brother is mentioned as part of the fictional plot.
8459	https://www.reddit.com/r/relationships/comments/2nrm7o/update_me_30f_with_my_toxic_abusive_brother_34m/	INCLUDE		The author updates her first-person account of avoiding holidays because of her brother's violent abuse, blame, and domestic violence.
8460	https://www.reddit.com/r/offmychest/comments/2nnlvz/bullied_by_brother_for_years/	INCLUDE		The author describes years of verbal bullying, humiliation, and beatings by an older brother that caused lasting psychological harm and flashbacks.
8461	https://www.reddit.com/r/relationships/comments/2n2wrp/me_30f_with_my_toxic_abusive_brother_34m_wanting/	INCLUDE		The author gives a detailed account of lifelong physical, verbal, and emotional abuse, including an attempted attack while trapped in a car, by her brother.
8462	https://www.reddit.com/r/relationships/comments/2mxtx5/brother_37_seems_to_want_to_cut_mem_31_and_the/	INCLUDE		The author states that his brother physically and verbally abused him growing up and continues to lecture, insult, and make him uncomfortable.
8463	https://www.reddit.com/r/offmychest/comments/2mhk2i/tangled_web/	FALSE_POSITIVE	THIRD_PERSON_VICTIM	The author is seeking solutions for a friend's long-running mistreatment by that friend's brother and sister-in-law, not reporting abuse by the author's sibling.
8464	https://www.reddit.com/r/AmericanHorrorStory/comments/2mfdp1/what_do_you_think_the_stolen_freak_show_script/	FALSE_POSITIVE	FICTION_MEDIA	The post discusses an abusive sister in the plot of the television series American Horror Story.
8465	https://www.reddit.com/r/legaladvice/comments/2m4cxn/would_appreciate_some_advice_on_exabusive_sister/	INCLUDE		The author gives a detailed first-person account of childhood and adult physical, verbal, and psychological abuse by an older sister.
8466	https://www.reddit.com/r/Advice/comments/2lqz1v/need_some_advice_may_be_dealing_with_an/	INCLUDE		The author describes a brother's recurring condescension, profanity, and demeaning attacks that undermine their self-worth and asks whether it is emotional or verbal abuse.
8467	https://www.reddit.com/r/AoTRP/comments/2l6mo6/0114855_the_place_where_we_belong/	FALSE_POSITIVE	FICTION_MEDIA	This is an Attack on Titan role-play narrative featuring fictional characters with abusive sisters.
8468	https://www.reddit.com/r/selfharm/comments/2l0z0m/feeling_really_uneasy_need_advice_maybe/	FALSE_POSITIVE	WRONG_RELATION	The abusive sister belongs to the author's boyfriend; although she has hurt the author, she is not the author's own sibling.
8469	https://www.reddit.com/r/offmychest/comments/2kzqva/my_boyfriend_broke_up_with_me_because_i_wont/	INCLUDE		The author describes ongoing physical, emotional, verbal, and financial abuse plus explicit death threats from her sister.
8470	https://www.reddit.com/r/relationships/comments/2kxsrf/me_16_f_with_my_girlfriend_16_f_of_13_months/	INCLUDE		The author states that her sister emotionally abused her throughout childhood and describes current distress when her girlfriend befriends that sister.
8471	https://www.reddit.com/r/relationship_advice/comments/2kw4hp/what_can_i_20_f_do_to_live_with_abusive_sister_27/	INCLUDE		The author reports that her sister attacked her and declared herself an enemy for life after moving into the home.
8472	https://www.reddit.com/r/rapecounseling/comments/2ktcek/my_brain_convinced_me_my_boyfriend_was_my_abusive/	INCLUDE		The author states that her brother molested her as a child and describes a current trauma response linked to that sexual abuse.
8473	https://www.reddit.com/r/bipolar/comments/2ktad8/my_brain_convinced_me_my_boyfriend_was_my_abusive/	INCLUDE		The author states that her brother molested her as a child and describes a current trauma response linked to that sexual abuse.
8474	https://www.reddit.com/r/ecchigifs/comments/2kif5x/abusive_brother/	FALSE_POSITIVE	SEXUAL_FANTASY_ROLEPLAY	The empty-body post appears in an erotic anime GIF subreddit, so “Abusive Brother” refers to fictional sexualized media rather than a real-life account.
8475	https://www.reddit.com/r/raisedbynarcissists/comments/2kibhh/hard_time_determing_if_mom_a_mild_narcissist_or/	INCLUDE		The author is reevaluating specific childhood memories as possible abuse by an older sister and links them to anxiety, depression, panic attacks, and possible PTSD.
8476	https://www.reddit.com/r/selfharm/comments/2js5gt/no_one/	INCLUDE		The author's self-harm poem presents the abused subject as a girl from a dysfunctional family with an abusive brother and family bullying, consistent with a personal expression.
8477	https://www.reddit.com/r/personalfinance/comments/2jqje5/posting_on_behalf_of_my_mom_car_loan_help/	INCLUDE		The author directly identifies her own sister as abusive within a personal family account, despite the post primarily asking about their mother's car loan.
8478	https://www.reddit.com/r/subredditreports/comments/2jhvqg/rtwoxchromosomes_report_thursday_october_09_2014/	FALSE_POSITIVE	REPOST_ARCHIVE	This is an automated-looking subreddit activity report that merely lists and links another post involving an abusive brother.
8479	https://www.reddit.com/r/rationalisthmus/comments/2j4kwi/the_shocking_effect_of_hidden_sibling_bullying_on/	FALSE_POSITIVE	META_RESEARCH	The title links or references general research about sibling bullying and adult depression rather than presenting the author's own experience.
8480	https://www.reddit.com/r/aspergers/comments/2j293v/aspergers_is_not_a_disability_rantcmv/	INCLUDE		The author directly refers to their own abusive brother while explaining why they reject an expectation to feel familial love for him.
8481	https://www.reddit.com/r/aspergers/comments/2j27ue/aspergers_is_not_a_disability_rantcmv/	INCLUDE		The author directly refers to their own abusive brother while explaining why they reject an expectation to feel familial love for him.
8482	https://www.reddit.com/r/AdviceAnimals/comments/2j1f2w/my_girlfriends_abusive_sister_just_found_out_she/	FALSE_POSITIVE	WRONG_RELATION	The abusive sister belongs to the author's girlfriend, not to the author.
8483	https://www.reddit.com/r/subredditreports/comments/2iu3ds/rtwoxchromosomes_report_thursday_october_02_2014/	FALSE_POSITIVE	REPOST_ARCHIVE	This is a subreddit activity report that only lists and links another user's update about an abusive brother.
8484	https://www.reddit.com/r/TwoXChromosomes/comments/2iq6zp/update_2_my_sisterinlaw_is_leaving_my_abusive/	FALSE_POSITIVE	THIRD_PERSON_VICTIM	The author helped a sister-in-law escape abuse by the author's brother, but the reported abuse is directed at the sister-in-law rather than the author.
8485	https://www.reddit.com/r/MRSelfPostCopies/comments/2ipa0t/copy_what_is_your_opinion_about_sibling_abuse/	FALSE_POSITIVE	REPOST_ARCHIVE	The post explicitly identifies itself as an automated copy of another author's first-person sibling-abuse post.
8486	https://www.reddit.com/r/MensRights/comments/2ipa0a/what_is_your_opinion_about_sibling_abuse/	INCLUDE		The author reports that two older brothers repeatedly beat him growing up, harming his self-esteem and ability to trust.
8487	https://www.reddit.com/r/TwoXChromosomes/comments/2idvn8/update_1_my_sister_in_law_is_leaving_my_abusive/	INCLUDE		The author lives with an abusive brother and describes severe anxiety and safety planning because she expects him to blame and retaliate against her for helping his wife leave.
8488	https://www.reddit.com/r/subredditreports/comments/2i633z/rtwoxchromosomes_report_thursday_september_25/	FALSE_POSITIVE	REPOST_ARCHIVE	This is a subreddit activity report that merely lists and links another user's post about an abusive brother.
8489	https://www.reddit.com/r/TwoXChromosomes/comments/2hqpog/my_sisterinlaw_is_leaving_my_abusive_brother/	INCLUDE		The author explicitly says her brother abused her and her sister for nearly their entire lives and expects further abuse when she helps his wife escape.
8490	https://www.reddit.com/r/MyLittleSupportGroup/comments/2hpibl/i_am_thinking_of_killing_myself/	INCLUDE		The author describes sisters repeatedly degrading, excluding, and kicking him as sibling bullying that contributed to suicidal distress.
8491	https://www.reddit.com/r/AbuseInterrupted/comments/2hp32k/abusive_father_and_now_abusive_brother_reposting/	INCLUDE		The author reports that an older brother frequently fought and hit him hard during childhood and describes current fear after witnessing that brother assault their sister.
8492	https://www.reddit.com/r/AbuseInterrupted/comments/2hp2bq/abusive_father_and_now_abusive_brother_need_help/	INCLUDE		The author reports that an older brother frequently fought and hit him hard during childhood and describes current fear after witnessing that brother assault their sister.
8493	https://www.reddit.com/r/MyLittleSupportGroup/comments/2hokda/im_not_making_any_progress_and_i_think_i_know_why/	FALSE_POSITIVE	ORDINARY_CONFLICT	The only description of the author's brother is “passive aggressive,” with no account of abuse, bullying, threats, coercion, or serious mistreatment by him.
8494	https://www.reddit.com/r/depression/comments/2ho3b6/my_emotionally_abusive_brother_just_disowned_me/	INCLUDE		The first-person title directly identifies the author's emotionally abusive brother, whose disowning the author over anxiety has left them feeling alone.
8495	https://www.reddit.com/r/AskReddit/comments/2h8q7u/serious_redditors_who_have_dealt_with_sibling/	FALSE_POSITIVE	META_RESEARCH	The author asks other Redditors generally about their experiences with serious sibling abuse but does not disclose a personal experience.
8496	https://www.reddit.com/r/TrollXChromosomes/comments/2h3ny2/hifw_i_try_talking_to_my_emotionally_abusive/	INCLUDE		The first-person title directly identifies the author's own sister as emotionally abusive and concerns the author's attempts to talk with her.
8497	https://www.reddit.com/r/Health/comments/2gy87a/sibling_bullying_linked_with_later_mental_health/	FALSE_POSITIVE	META_RESEARCH	The post title reports a general research finding linking sibling bullying with later mental-health disorders rather than a personal account.
8498	https://www.reddit.com/r/psychology/comments/2gy86z/sibling_bullying_linked_with_later_mental_health/	FALSE_POSITIVE	META_RESEARCH	The post title reports a general research finding linking sibling bullying with later mental-health disorders rather than a personal account.
8499	https://www.reddit.com/r/science/comments/2gy86u/sibling_bullying_linked_with_later_mental_health/	FALSE_POSITIVE	META_RESEARCH	The post title reports a general research finding linking sibling bullying with later mental-health disorders rather than a personal account.
8500	https://www.reddit.com/r/AskLEO/comments/2gkqzo/need_advice_with_dealing_with_an_abusive_sibling/	INCLUDE		The author says an abusive male sibling attacked them and seeks legal protection because they fear the situation will worsen.
8501	https://www.reddit.com/r/family/comments/2gbix7/abusive_brother_who_cant_be_controlled/	INCLUDE		The author describes a brother escalating from verbal abuse and throwing objects to attacks during sleep, punching, spitting, threats, filming, and credit-card theft.
8502	https://www.reddit.com/r/4chan/comments/2g55kv/mutant_gets_abusive_brother_out_of_the_house/	FALSE_POSITIVE	REPOST_ARCHIVE	The empty-body r/4chan post appears to share an external 4chan story about another person getting an abusive brother out of a house, not the Reddit author's account.
8503	https://www.reddit.com/r/LegalAdviceUK/comments/2g4c6q/urgent_i_have_family_members_in_iraq_that_are_not/	FALSE_POSITIVE	THIRD_PERSON_VICTIM	The author seeks immigration help for two cousins in Iraq who are controlled and beaten by their own brother; the author is not the sibling-abuse victim.
8504	https://www.reddit.com/r/legaladvice/comments/2g49q0/united_kingdom_urgent_i_have_family_members_in/	FALSE_POSITIVE	THIRD_PERSON_VICTIM	The author seeks immigration help for two cousins in Iraq who are controlled and beaten by their own brother; the author is not the sibling-abuse victim.
8505	https://www.reddit.com/r/NoShitSherlock/comments/2fvzq1/sibling_bullying_increases_depression_risk_xpost/	FALSE_POSITIVE	META_RESEARCH	The post cross-posts a general research finding about sibling bullying increasing depression risk rather than describing a personal experience.
8506	https://www.reddit.com/r/betternews/comments/2fsnci/sibling_bullying_ups_depression_risk/	FALSE_POSITIVE	META_RESEARCH	The title presents a general news or research finding about sibling bullying and depression risk, not the author's own experience.
8507	https://www.reddit.com/r/ukeducation/comments/2fskgz/sibling_bullying_ups_depression_risk/	FALSE_POSITIVE	META_RESEARCH	The title presents a general news or research finding about sibling bullying and depression risk, not the author's own experience.
8508	https://www.reddit.com/r/UnitedKingdomx/comments/2fs2j4/sibling_bullying_ups_depression_risk/	FALSE_POSITIVE	META_RESEARCH	The title presents a general news or research finding about sibling bullying and depression risk, not the author's own experience.
8509	https://www.reddit.com/r/offmychest/comments/2fbth7/flashback_about_my_emotionally_abusive_brother/	INCLUDE		The author recounts an older brother repeatedly threatening suicide with a knife to control him, leaving lasting fear, flashbacks, helplessness, and anger.
8510	https://www.reddit.com/r/eroticpenpals/comments/2fapn2/f4f_just_some_ideas_nsfw_skype/	FALSE_POSITIVE	SEXUAL_FANTASY_ROLEPLAY	This is a solicitation for erotic role-play plots involving fictional sisters and brothers, not a real-life abuse account.
8511	https://www.reddit.com/r/legaladvice/comments/2faokp/paralegal_motherinlaw_harassing_and_threatening/	FALSE_POSITIVE	THIRD_PERSON_VICTIM	The author documents a partner's lifelong physical abuse by her brother and coercion by her mother; the sibling-abuse victim is the partner, not the Reddit author.
8512	https://www.reddit.com/r/dirtypenpals/comments/2fa4oc/f4_just_some_ideas_nsfw_skype/	FALSE_POSITIVE	SEXUAL_FANTASY_ROLEPLAY	This is a solicitation for erotic role-play plots involving fictional sisters and brothers, not a real-life abuse account.
8513	https://www.reddit.com/r/raisingkids/comments/2ez8uo/sibling_abuse_is_learned_abuse_podcast/	FALSE_POSITIVE	META_RESEARCH	The post shares a general podcast about sibling abuse being learned behavior rather than an author's personal account.
8514	https://www.reddit.com/r/raisedbynarcissists/comments/2emhtq/update_abusive_brothermother/	INCLUDE		The author describes controlling and abusive treatment by her brother, including screaming, restricting bathroom use, isolating her, and a history of killing pets that leaves her afraid for her cat.
8515	https://www.reddit.com/r/dirtypenpals/comments/2ehc7w/26m4f_aggressive_sistermother/	FALSE_POSITIVE	SEXUAL_FANTASY_ROLEPLAY	This is an erotic role-play setup involving a fictional teen, mother, and sister, not a real-life account.
8516	https://www.reddit.com/r/raisedbynarcissists/comments/2e833v/funny_nmom_drama/	INCLUDE		The author recounts living with an abusive brother who once tried to choke her to death, alongside parental abuse and control.
8517	https://www.reddit.com/r/lifeinapost/comments/2dzjtm/a_sexually_abusive_sister_two_mentally_vacant/	INCLUDE		The author gives a detailed first-hand account of repeated childhood sexual coercion by his older sister and the lasting flashbacks, anger, self-harm, and substance use.
8518	https://www.reddit.com/r/confession/comments/2dpbdw/i_promised_myself_that_if_my_abusive_brother_ever/	INCLUDE		The author directly identifies his own brother as abusive and a bully and fears the brother would use suicide to punish or incriminate the author and family.
8519	https://www.reddit.com/r/TrollXChromosomes/comments/2dhg1y/after_years_of_guilt_it_suddenly_hit_me_that_i/	INCLUDE		The first-person title says the author's brother was abusive and describes years of guilt about no longer feeling obligated to love him.
8520	https://www.reddit.com/r/abuse/comments/2dd96l/abusive_brother/	INCLUDE		The author gives a detailed account of lifelong severe beatings, sexual aggression, weapons, strangulation, death threats, coercion, and continuing control by an older brother.
8521	https://www.reddit.com/r/TwoXChromosomes/comments/2cquld/how_can_i_learn_to_accept_and_let_go_of_something/	INCLUDE		The author recounts an abusive sibling forcing them to leave school to provide childcare while the sibling became intoxicated or passed out, within a broader abusive home.
8522	https://www.reddit.com/r/Advice/comments/2cneo8/ive_been_dealing_with_physical_and_mental_abuse/	INCLUDE		The author describes years of being hit, bitten, kicked, screamed at, locked in and out, and having possessions taken by an older half-sister.
8523	https://www.reddit.com/r/raisedbynarcissists/comments/2ccmnx/i_havent_had_contact_with_family_in_2_years_still/	INCLUDE		The author identifies an abusive brother as part of the family they escaped and describes him joining their mother in ridicule and degrading messages that still affect them.
8524	https://www.reddit.com/r/sex/comments/2caohs/serious_question_about_abuse_sibling_molestation/	INCLUDE		The author gives a detailed first-hand account of coerced sexual acts, groping, humiliation, beatings, choking, weapons, and being pushed down stairs by an older brother.
8525	https://www.reddit.com/r/SuicideWatch/comments/2c7dsr/about_to_go_over_the_edge/	INCLUDE		The author directly identifies an extremely abusive sister in their shared home as part of the family situation contributing to severe depression and suicidal thinking.
8526	https://www.reddit.com/r/AskReddit/comments/2bzkyk/what_constitutes_sibling_abuse/	UNCERTAIN	INSUFFICIENT_CONTEXT	The post asks whether a specific sexual act between a 13-year-old boy and his 5-year-old sister is abuse, but does not say whether the author is either sibling, a witness, or asking hypothetically.
8527	https://www.reddit.com/r/TwoXChromosomes/comments/2bqq63/i_just_need_to_vent_about_my_narcissistic_abusive/	INCLUDE		The author directly identifies her own sister as narcissistic and abusive within a personal account of repeated family crises and the cost imposed on the author.
8528	https://www.reddit.com/r/Advice/comments/2bjbaz/my_best_friend_has_a_physically_abusive_brother/	FALSE_POSITIVE	THIRD_PERSON_VICTIM	The author asks how to help a best friend who is constantly hit by her brother; the sibling-abuse victim is not the Reddit author.
8529	https://www.reddit.com/r/BreakUp/comments/2bdxpu/my_so_basically_wants_nothing_to_do_with_me/	FALSE_POSITIVE	THIRD_PERSON_VICTIM	The author is helping her sister escape abuse by the sister's husband; the abuse is intimate-partner violence against a third party, not abuse of the author by a sibling.
8530	https://www.reddit.com/r/BreakUp/comments/2bdq18/my_so_just_basically_blocked_me_because_of_a/	FALSE_POSITIVE	THIRD_PERSON_VICTIM	The author is helping her sister escape abuse by the sister's husband; the abuse is intimate-partner violence against a third party, not abuse of the author by a sibling.
8531	https://www.reddit.com/r/amiugly/comments/2bcspr/20m_always_had_low_self_esteem_am_curious_for/	INCLUDE		The author says sibling bullying and teasing caused persistent low self-esteem and a belief that he was ugly.
8532	https://www.reddit.com/r/depression/comments/2b9pxu/i_get_huge_anxiety_attacks_when_i_think_about_my/	INCLUDE		The author identifies an abusive brother as part of the childhood environment underlying severe, long-standing anxiety and low self-worth.
