row_index,post_link,classification,exclusion_reason,classification_rationale
8533,https://www.reddit.com/r/offmychest/comments/2apwbf/hes_going_to_die/,INCLUDE,,The author identifies their own brother as abusive and fears he will seize control of the author’s life and resources after their parents die.
8534,https://www.reddit.com/r/relationships/comments/2alj27/20f_my_drug_addict_brother_39m_bullies_my_dad_70m/,FALSE_POSITIVE,THIRD_PERSON_VICTIM,"The brother’s bullying, financial coercion, and past physical abuse are directed at the author’s father; the author does not report being abused by him."
8535,https://www.reddit.com/r/raisedbynarcissists/comments/2afkx0/scary_realization_support_possible_trigger_warning/,FALSE_POSITIVE,WRONG_RELATION,The “abusive brother” is the author’s mother’s adopted brother—an uncle—while the author’s own sister is described as favored but not as abusing the author.
8536,https://www.reddit.com/r/raisedbynarcissists/comments/2afj5p/i_just_realized_something_really_scary_support/,FALSE_POSITIVE,WRONG_RELATION,The “abusive brother” is the author’s mother’s adopted brother—an uncle—while the author’s own sister is described as favored but not as abusing the author.
8537,https://www.reddit.com/r/offmychest/comments/2a8rkv/guilt_is_tearing_me_apart/,INCLUDE,,"The author reports years of a sister’s verbal and physical abuse, intimidation, crisis calls, and dependence that produced nightmares, anxiety, and the need to move far away."
8538,https://www.reddit.com/r/raisedbynarcissists/comments/29pee1/i_feel_like_theyve_ruined_so_much_of_my_life/,INCLUDE,,The author explicitly says they grew up with a physically abusive brother whose conduct contributed to a chronically unsafe home.
8539,https://www.reddit.com/r/relationships/comments/29jz09/i_23f_drunkenly_contacted_my_mothers_53f_abusive/,FALSE_POSITIVE,WRONG_RELATION,The abusive brother is the author’s mother’s brother—an uncle—who sexually and physically abused the mother and aunt.
8540,https://www.reddit.com/r/gonewildaudio/comments/29dzgn/f4m_abusive_sister_part_2_watch_me_eat_her_script/,FALSE_POSITIVE,SEXUAL_FANTASY_ROLEPLAY,"This is an explicit fictional audio/script performance about an abusive sister, not a real-life account."
8541,https://www.reddit.com/r/TwoXChromosomes/comments/295ycx/abusive_father_abusive_brother/,INCLUDE,,"The author describes a brother who imitates an abusive father, relentlessly argues and humiliates the author, weaponizes the father’s abuse narrative, and deliberately tries to hurt the author."
8542,https://www.reddit.com/r/gonewildaudio/comments/2951h4/m_please_let_me_cum_please_let_me_cum_msub/,FALSE_POSITIVE,FICTION_MEDIA,The post promotes an explicit audio performance and merely references the creator’s earlier fictional “Abusive Sister” scripts.
8543,https://www.reddit.com/r/BPD/comments/294oqo/a_story_about_someone_irrelevant_me_who_dated_and/,FALSE_POSITIVE,THIRD_PERSON_VICTIM,The abusive brother belonged to the author’s former partner and allegedly abused her physically and emotionally; this is not the author’s sibling experience.
8544,https://www.reddit.com/r/SuicideWatch/comments/28ywhs/it_would_just_be_nice_if_someone_knows/,INCLUDE,,The author directly identifies an older sister as abusive while recounting a childhood marked by family abuse and severe mental-health consequences.
8545,https://www.reddit.com/r/gonewildaudio/comments/28yg8k/f4mreqfillrape_abusive_sister_part_1_submit_to_me/,FALSE_POSITIVE,SEXUAL_FANTASY_ROLEPLAY,This is an explicit fictional incest and rape audio script featuring an abusive sister.
8546,https://www.reddit.com/r/self/comments/28xbkx/i_may_have_autism/,INCLUDE,,The author identifies having an abusive sister as one of the major adverse experiences of childhood.
8547,https://www.reddit.com/r/gonewildaudio/comments/28v6bl/requestscript_requesting_female_to_read_11part/,FALSE_POSITIVE,SEXUAL_FANTASY_ROLEPLAY,This is a request to perform an explicit fictional incest series about an abusive sister.
8548,https://www.reddit.com/r/lifeinapost/comments/28uvjm/currently_17fmericausa/,INCLUDE,,The author identifies growing up with an emotionally abusive brother while recounting a traumatic adolescence.
8549,https://www.reddit.com/r/AMA/comments/28nyd8/was_sexually_abused_by_sister_from_age_5_9_ama/,INCLUDE,,"The author directly reports repeated sexual abuse by their sister between ages five and nine, with lasting shaking and possible hypersexuality."
8550,https://www.reddit.com/r/Parenting/comments/28nrdr/need_advice_on_toddler_sibling_violence/,FALSE_POSITIVE,THIRD_PERSON_VICTIM,The author is a parent seeking help because two toddler daughters are violent toward one another; the author is not the sibling victim.
8551,https://www.reddit.com/r/dirtypenpals/comments/28m4nn/21_f4m_camwhore_little_sister/,FALSE_POSITIVE,SEXUAL_FANTASY_ROLEPLAY,This is an explicit fictional incest roleplay solicitation involving a brother and sister.
8552,https://www.reddit.com/r/raisedbynarcissists/comments/28igf5/want_to_share_my_extremely_lengthy_life_story_and/,INCLUDE,,"The author reports years of a younger brother beating them with golf clubs, bats, fists, hangers, forks, and other objects while parents dismissed it as rivalry."
8553,https://www.reddit.com/r/AdviceAnimals/comments/280035/my_passive_aggressive_sister_when_i_lost_my/,FALSE_POSITIVE,ORDINARY_CONFLICT,"The title only calls the author’s sister passive-aggressive over a lost graduation ticket, with no abuse or harmful pattern described."
8554,https://www.reddit.com/r/relationships/comments/27rcb4/i_21_f_think_my_abusive_brother_26_m_has_mentally/,INCLUDE,,"The author reports a brother’s severe physical and psychological abuse, including blows to the head, choking, and a death threat."
8555,https://www.reddit.com/r/relationships/comments/27qihh/my_19_m_boyfriend_18_m_has_a_verbally_abusive/,FALSE_POSITIVE,THIRD_PERSON_VICTIM,The verbally abusive brother belongs to the author’s boyfriend; this is not the author’s own sibling experience.
8556,https://www.reddit.com/r/TwoXChromosomes/comments/27hbos/finally_ended_a_toxic_relationship/,INCLUDE,,"The author recounts an older sister’s degrading insults, violent tantrums, death threats, and sustained abuse, leading the author to end contact."
8557,https://www.reddit.com/r/Divorce/comments/27e646/parents_getting_divorced_and_really_worried_about/,FALSE_POSITIVE,WRONG_RELATION,The abusive sister was the author’s father’s sister—an aunt—and appears only as background to the father’s trauma.
8558,https://www.reddit.com/r/tabled/comments/277lqq/table_iama_recently_released_inmate_from_a_level/,FALSE_POSITIVE,REPOST_ARCHIVE,This robot-generated table archives another user’s AMA and embeds that person’s disclosure of abuse by an older brother; it is not the current poster’s first-person account.
8559,https://www.reddit.com/r/relationships/comments/276ogn/me25m_my_gf29_of_7_yrs_wont_help_us_not_be_leeches/,FALSE_POSITIVE,THIRD_PERSON_VICTIM,The abusive brother belongs to the author’s girlfriend and is mentioned only as why she left her mother’s home.
8560,https://www.reddit.com/r/offmychest/comments/274dgd/i_found_a_lump/,INCLUDE,,"The author identifies their brother as abusive, says his conduct forced them to move out, and describes family pressure to restore contact."
8561,https://www.reddit.com/r/depression/comments/26v8vc/who_am_i_to_you/,INCLUDE,,The author lists having an abusive brother among deeply personal traumas disclosed to a trusted friend.
8562,https://www.reddit.com/r/survivorsofabuse/comments/26855h/sibling_bullyingabuse/,INCLUDE,,"The author gives a detailed account of thirty years of a sister’s physical and emotional abuse, including confinement, broken bones, orchestrated beatings, exploitation, slander, and coercive control."
8563,https://www.reddit.com/r/relationships/comments/25x1z1/23m_has_reached_his_wits_end_how_can_i_be_there/,INCLUDE,,The empty title directly identifies the author’s brother as abusive while asking how to support him.
8564,https://www.reddit.com/r/gonewildaudio/comments/25rrct/request_9_new_fucked_up_and_weird_scripts_rape/,FALSE_POSITIVE,SEXUAL_FANTASY_ROLEPLAY,"The post requests performances of explicit fictional incest and rape scripts, including an “Abusive Sister” series."
8565,https://www.reddit.com/r/TwoXChromosomes/comments/25qf81/i_had_something_taken_from_me_i_will_never_be_the/,INCLUDE,,"The author reports a sadistic older brother’s years of terror and near-lethal violence, including stabbing through a bathroom door and cutting the author’s throat."
8566,https://www.reddit.com/r/raisedbynarcissists/comments/25o7kg/i_feel_like_a_horrible_person_every_time_i_feel/,INCLUDE,,"The author gives a first-hand account of an older brother’s physical, psychological, and sexual abuse during childhood."
8567,https://www.reddit.com/r/Parenting/comments/25gpl9/why_is_my_3_year_old_cousin_so_violent_please_help/,FALSE_POSITIVE,THIRD_PERSON_VICTIM,"The author describes a young cousin’s aggression toward the cousin’s baby brother, not abuse the author experienced from the author’s own sibling."
8568,https://www.reddit.com/r/FemmeThoughts/comments/25dw10/i_dont_know_where_else_to_post_this_but_im/,FALSE_POSITIVE,THIRD_PERSON_VICTIM,The post discusses another Reddit user’s partner and her allegedly abusive sister rather than the author’s own sibling abuse.
8569,https://www.reddit.com/r/TheBluePill/comments/25dg2o/perfect_redpill_relationship_upheld_despite_nosy/,UNCERTAIN,INSUFFICIENT_CONTEXT,The empty body and headline alone do not establish whether a real author personally experienced abuse by their own sister.
8570,https://www.reddit.com/r/SuicideWatch/comments/25bee7/is_there_any_hope/,INCLUDE,,"The underage author reports being beaten, exposed to genitalia, demeaned, and coerced into disturbing role-play by an older brother."
8571,https://www.reddit.com/r/Parenting/comments/257sr0/sibling_rivalry_or_bullying/,FALSE_POSITIVE,THIRD_PERSON_VICTIM,A parent reports one stepson being mean and physically aggressive toward a younger child; the author is not the sibling victim.
8572,https://www.reddit.com/r/relationships/comments/250g0x/i_19f_need_some_advice_on_my_family/,INCLUDE,,"The author reports that an older brother repeatedly hit her and her sister, left bruises, and was enabled by their parents."
8573,https://www.reddit.com/r/SuicideWatch/comments/24rqkq/i_am_full_on_panic_mode_right_now_and_i_would/,INCLUDE,,The author identifies their own brother as abusive and describes fear of having to return to the dysfunctional family home with him.
8574,https://www.reddit.com/r/AbuseInterrupted/comments/23rk4v/children_who_experienced_sibling_aggression/,FALSE_POSITIVE,META_RESEARCH,"This is a general research-style headline about sibling aggression and bullying effects, with no first-hand account."
8575,https://www.reddit.com/r/raisedbynarcissists/comments/23p0kq/memory_of_gc_bro_using_a_knife_to_get_me_on_the/,INCLUDE,,"The author recounts a brother threatening her with a knife, trapping and soaking her outdoors until hypothermic, and routinely abusing her."
8576,https://www.reddit.com/r/shield/comments/23f61o/theory_on_wards_background_spoilers_for_ep_18/,FALSE_POSITIVE,FICTION_MEDIA,The post theorizes about the fictional character Ward and brothers in the television series Agents of S.H.I.E.L.D.
8577,https://www.reddit.com/r/relationship_advice/comments/23e7u2/i_29f_really_need_advice_dealing_with_an/,INCLUDE,,"The author describes a sister’s sustained emotional degradation, manipulation, social isolation, scratching, and stabbing her with a fork."
8578,https://www.reddit.com/r/Advice/comments/23e6n9/i_29f_really_need_advice_dealing_with_an/,INCLUDE,,"The author describes a sister’s sustained emotional degradation, manipulation, social isolation, scratching, and stabbing her with a fork."
8579,https://www.reddit.com/r/survivorsofabuse/comments/23cg7r/sibling_abuse_and_the_shame_related_to_it/,INCLUDE,,"The author explicitly recounts severe childhood emotional, physical, sexualized, and threatening abuse by her younger sister."
8580,https://www.reddit.com/r/offmychest/comments/23bx87/my_abusive_sister_is_now_fat_shaming_me_twcaw/,INCLUDE,,"The author reports that her sister intentionally humiliates her, frightens her into hiding, and has physically assaulted her."
8581,https://www.reddit.com/r/AskReddit/comments/23ajnf/when_does_typical_sibling_bullying_cross_the/,FALSE_POSITIVE,META_RESEARCH,The empty-body AskReddit question asks generally where sibling bullying becomes abuse and gives no personal account.
8582,https://www.reddit.com/r/relationships/comments/22qzmu/my_23f_husband_24_m_and_i_disagree_on_how_to_deal/,FALSE_POSITIVE,WRONG_RELATION,The allegedly abusive sister is the author’s sister-in-law; the post concerns her conduct toward the author and the author’s husband.
8583,https://www.reddit.com/r/shield/comments/22l90y/turn_turn_turn_spoilers_this_episode_made/,FALSE_POSITIVE,FICTION_MEDIA,The “older abusive brother” is a plot angle involving fictional television characters in Agents of S.H.I.E.L.D.
8584,https://www.reddit.com/r/SuicideWatch/comments/22i9hb/i_feel_like_i_cant_go_on_im_sick_of_picking_up/,INCLUDE,,The author says their own violent sister takes advantage of them and contributes to an intolerable home life.
8585,https://www.reddit.com/r/selfhelp/comments/22gsgo/reaching_out/,INCLUDE,,The author reports regularly being forced into physical fights with an abusive bipolar brother while protecting their father from beatings.
8586,https://www.reddit.com/r/AbuseInterrupted/comments/223vkr/sibling_abuse_your_child_often_parents_dont_see/,FALSE_POSITIVE,META_RESEARCH,"This is a general informational headline about parents overlooking sibling abuse, with no first-hand account."
8587,https://www.reddit.com/r/TwoXChromosomes/comments/21y6eq/my_brother_needs_to_either_get_help_or_go_to_jail/,INCLUDE,,"The author recounts an older brother’s lifelong violent rages, witnessing him strangle their mother, and being stabbed by him with a fork at age eleven."
8588,https://www.reddit.com/r/raisedbynarcissists/comments/21rl0u/i_have_a_violent_nbrother_and_a_spineless_nmother/,INCLUDE,,"The author reports that an older brother punched them through the lip, tried to instigate another fight, and makes the shared home unsafe."
8589,https://www.reddit.com/r/depression/comments/216o91/i_have_an_abusive_brother_and_theres_nothing_i/,INCLUDE,,"The 16-year-old author says a 30-year-old brother hits, insults, and urges them to die on a weekly basis."
8590,https://www.reddit.com/r/NarcissisticAbuse/comments/214a4m/im_not_sure_if_i_belong_here/,INCLUDE,,"The author describes an older sister’s childhood physical cruelty, forced degrading play, confinement, and later sustained emotional abuse."
8591,https://www.reddit.com/r/depression/comments/212g7v/what_do_i_do_abusive_controlling_family_no_where/,INCLUDE,,"The author reports a brother’s longstanding verbal abuse, theft, threats, knife violence, control, and threat of eviction."
8592,https://www.reddit.com/r/comingout/comments/20xqzj/i_dont_think_ill_ever_be_ready/,FALSE_POSITIVE,ORDINARY_CONFLICT,The author only labels a brother “borderline aggressive” while discussing coming out; no sibling mistreatment of the author is described.
8593,https://www.reddit.com/r/offmychest/comments/20sbau/i_stood_up_for_myself/,INCLUDE,,"The author reports a sister’s daily verbal degradation, control, and bullying and describes finally confronting her."
8594,https://www.reddit.com/r/TheRedPill/comments/1zugj4/my_girlfriend_has_an_abusive_brother/,FALSE_POSITIVE,THIRD_PERSON_VICTIM,"The empty title identifies the author’s girlfriend, not the author, as the person with an abusive brother."
8595,https://www.reddit.com/r/depression/comments/1zgcu1/it_never_goes_away_looking_for_suggestionshelp/,INCLUDE,,The author states that an older alcoholic brother physically and verbally abused her throughout childhood.
8596,https://www.reddit.com/r/offmychest/comments/1zbcq5/furious_that_my_mentally_ill_friend_got_a_free/,FALSE_POSITIVE,THIRD_PERSON_VICTIM,The post concerns a friend’s fabricated abuse story; the investigation found that the friend was an only child and the alleged abusive brother did not exist.
8597,https://www.reddit.com/r/AdviceAnimals/comments/1z6it4/ladies_and_gentlemen_my_25yr_old_self_absorbed/,FALSE_POSITIVE,WRONG_RELATION,The empty title explicitly identifies the target as the author’s emotionally abusive brother-in-law.
8598,https://www.reddit.com/r/rant/comments/1z5acb/sick_of_my_life_sick_of_not_being_a_normal/,FALSE_POSITIVE,THIRD_PERSON_VICTIM,The violent brother belongs to the author’s best friend; the author’s own sister is mentioned only as ill and pregnant.
8599,https://www.reddit.com/r/relationships/comments/1z1qcp/what_do_i_20_f_do_about_my_emotionally_abusive/,INCLUDE,,The author identifies her sister as emotionally abusive toward the whole family and describes controlling demands for the author’s exclusive loyalty.
8600,https://www.reddit.com/r/asoiaf/comments/1yuvym/spoilers_all_putting_the_pieces_together_on/,FALSE_POSITIVE,FICTION_MEDIA,"The post is literary theory about fictional A Song of Ice and Fire characters, including a description of Brandon as the more aggressive brother."
8601,https://www.reddit.com/r/DysfunctionalFamily/comments/1ykbmt/entire_family_is_homophobic_and_deeply_religious/,INCLUDE,,"The empty-body title is a first-person account of being unable to escape a homophobic, abusive family that includes the author’s violent brother."
8602,https://www.reddit.com/r/survivorsofabuse/comments/1xnffa/separate_abuser_from_everyone_else_in_my_family/,INCLUDE,,"The author reports a younger sister’s persistent emotional abuse, including urging the author to die and threatening to drive them to suicide."
8603,https://www.reddit.com/r/depression/comments/1xncnh/constant_emotional_abuse_since_childhood_extreme/,INCLUDE,,"The author reports a younger sister’s persistent emotional abuse, including urging the author to die and threatening to drive them to suicide."
8604,https://www.reddit.com/r/depression/comments/1xjv4g/how_can_i_learn_to_accept_apathy_from_family_when/,INCLUDE,,"The author details years of a younger sister’s emotional abuse, stalking, bullying, lies, theft, isolation, and repeated demands that the author die."
8605,https://www.reddit.com/r/raisedbynarcissists/comments/1xbuqj/advice_i_need_to_know_if_nmom_is_and_has_been/,INCLUDE,,"The author says one sister was abusive and highly controlling throughout childhood, contributing to an unhappy and psychologically damaging family dynamic."
8606,https://www.reddit.com/r/offmychest/comments/1x9w7f/my_partners_abusive_brother_is_becoming_a_major/,FALSE_POSITIVE,THIRD_PERSON_VICTIM,"The abusive man is the author’s partner’s brother, and the sibling threat was directed at the partner rather than the author."
8607,https://www.reddit.com/r/relationships/comments/1x3wtb/i_18f_dont_know_how_to_deal_with_my_parents_53m/,INCLUDE,,The author describes an older brother who made her life hell through verbal and later physical abuse while their parents enabled him.
8608,https://www.reddit.com/r/IncestPersonals/comments/1w8bs3/31_m4f_looking_for_aggressive_sisterdaughter_age/,FALSE_POSITIVE,SEXUAL_FANTASY_ROLEPLAY,This is an explicit incest role-play solicitation for someone to portray an aggressive sister or daughter.
8609,https://www.reddit.com/r/AbuseInterrupted/comments/1w1efl/parents_of_nocontact_adult_children/,FALSE_POSITIVE,META_RESEARCH,"The post is a general critical essay about estranged-parent forums and abuse culture, not a personal sibling-victim account."
8610,https://www.reddit.com/r/relationships/comments/1vnqjv/my_18f_emotionally_abusive_sister_20f_has_taken/,INCLUDE,,"The author describes an older sister’s emotional abuse, public insults, intimidation, control, and interference that has cost the author friendships."
8611,https://www.reddit.com/r/AskReddit/comments/1vdbmc/serious_why_isnt_sibling_abuse_viewed_as_a/,FALSE_POSITIVE,META_RESEARCH,"The empty-body AskReddit post is a general question about social attitudes toward sibling abuse, not a first-hand account."
8612,https://www.reddit.com/r/offmychest/comments/1ua5oz/i_really_dont_know_how_long_i_can_put_up_with_this/,INCLUDE,,"The author states that a brother abused and hit them, threw objects at them, and caused continuing trauma symptoms."
8613,https://www.reddit.com/r/depression/comments/1torqo/the_first_christmas_gift_ive_gotten_in_three/,INCLUDE,,"The author recounts a brother’s manipulative gift, private verbal degradation, ableist insults, intimidation, and punishment after the author objected."
8614,https://www.reddit.com/r/rage/comments/1tor8f/my_first_christmas_present_in_three_years_is_a/,INCLUDE,,"The author recounts a brother’s manipulative gift, private verbal degradation, ableist insults, intimidation, and punishment after the author objected."
8615,https://www.reddit.com/r/raisedbynarcissists/comments/1tld6o/how_do_i_know_if_this_applies_to_me/,INCLUDE,,The author reports a physically abusive brother whose assaults caused serious emotional harm while their mother blamed the author and enabled him.
8616,https://www.reddit.com/r/raisedbynarcissists/comments/1tej4t/sibling_abuse/,INCLUDE,,"The author says their parents actively encouraged an older, larger brother to beat them throughout childhood."
8617,https://www.reddit.com/r/relationships/comments/1tczt8/constantly_made_the_scapegoat_when_violent/,INCLUDE,,The empty title presents a first-person account of being scapegoated whenever the author’s violent brother loses control.
8618,https://www.reddit.com/r/asktransgender/comments/1t4zbi/what_would_you_do_in_my_situation/,INCLUDE,,"The author reports years of physical and verbal abuse by a brother, including attacks causing injuries, cover-up demands, and PTSD."
8619,https://www.reddit.com/r/raisedbynarcissists/comments/1swjvo/she_finally_said_i_love_you_it_hurt_worse_than_i/,FALSE_POSITIVE,THIRD_PERSON_VICTIM,"The “crazy, violent brother” is described as threatening the author’s youngest brother, whom the author protected; no abuse of the author by that sibling is reported."
8620,https://www.reddit.com/r/raisedbynarcissists/comments/1rwg24/maybe_im_not_crazy_after_all/,INCLUDE,,The author’s first-person childhood summary explicitly identifies an older brother as abusive alongside a narcissistic mother.
8621,https://www.reddit.com/r/relationships/comments/1rolm7/my_boyfriends_23m_aggressive_brother_is_causing_a/,FALSE_POSITIVE,THIRD_PERSON_VICTIM,The author relays her boyfriend’s history of severe physical and current verbal abuse by his brother; she is not the sibling victim.
8622,https://www.reddit.com/r/AskReddit/comments/1rdk1q/i_live_with_my_parents_and_an_abusive_sibling/,INCLUDE,,The empty title is a direct first-person request for help while living with the author’s own abusive sibling.
8623,https://www.reddit.com/r/AskReddit/comments/1r6hqe/how_do_i_deal_with_my_abusive_brother/,INCLUDE,,"The 17-year-old author reports years of a younger brother’s name-calling, pushing, punching, throwing, bruising, and suicide encouragement."
8624,https://www.reddit.com/r/tabled/comments/1r3csc/table_iama_pete_holmes_from_the_pete_holmes_show/,FALSE_POSITIVE,REPOST_ARCHIVE,This is a robot-generated archived AMA table; “abusive sister” appears only as a comedian’s joking comparison to a colleague.
8625,https://www.reddit.com/r/AMA/comments/1qyf0f/iama_17_year_old_girl_with_an_abusive_sibling_ama/,INCLUDE,,The 17-year-old author says a sibling’s emotional and verbal abuse became severe enough that she contemplated suicide to escape it.
8626,https://www.reddit.com/r/AbuseInterrupted/comments/1qje8r/sibling_abuse_v_sibling_rivalry/,FALSE_POSITIVE,META_RESEARCH,The empty title frames a general comparison of sibling abuse and rivalry without a personal account.
8627,https://www.reddit.com/r/Foodforthought/comments/1qj4mp/my_parents_did_nothing_stories_of_sibling_bullying/,FALSE_POSITIVE,META_RESEARCH,"The empty-body post presents a collection or article about stories of sibling bullying, not the author’s own experience."
8628,https://www.reddit.com/r/offmychest/comments/1qhhv9/after_31yrs_i_finally_told_my_abusive_brother_to/,INCLUDE,,"The author reports an older brother’s anger, repeated physical abuse, intimidation, and continuing fear of being punched."
8629,https://www.reddit.com/r/bullying/comments/1q8r9b/my_experience_with_sibling_bullying/,INCLUDE,,The author gives a detailed first-hand history of years of emotional and verbal bullying and abuse by an older sister.
8630,https://www.reddit.com/r/relationships/comments/1q1brz/me_26f_with_my_exbf_27_m_on_a_break_from/,INCLUDE,,The author identifies an own brother’s verbal abuse and berating as one of the severe stresses that contributed to depression.
8631,https://www.reddit.com/r/AdviceAnimals/comments/1pu408/my_passiveaggressive_sisterinlaw_used_to_live/,FALSE_POSITIVE,WRONG_RELATION,"The empty title explicitly concerns a passive-aggressive sister-in-law, not the author’s own sibling."
8632,https://www.reddit.com/r/relationships/comments/1psguf/i_25f_hate_my_brother_28m_but_we_live_together/,INCLUDE,,"The author reports that a brother violently attacked her, required police intervention, and continues constant vicious insults and yelling."
8633,https://www.reddit.com/r/relationships/comments/1pd7yf/me_18_m_with_my_girlfriend_17_f_of_6_months_upset/,FALSE_POSITIVE,WRONG_RELATION,"The violent and abusive sister is the author’s girlfriend’s sister, not the author’s own sibling."
8634,https://www.reddit.com/r/funny/comments/1pcnn0/i_give_you_my_lyrically_abusive_brother_inlaw/,FALSE_POSITIVE,WRONG_RELATION,"The empty title explicitly refers to the author’s brother-in-law, not an own sibling."
8635,https://www.reddit.com/r/relationships/comments/1p5psu/me_18_m_with_my_girlfriend_17_f_of_6_months_upset/,FALSE_POSITIVE,WRONG_RELATION,"The violent and abusive sister is the author’s girlfriend’s sister, not the author’s own sibling."
8636,https://www.reddit.com/r/Advice/comments/1p3do5/just_cant_seem_to_get_out_of_it_depression/,INCLUDE,,The author identifies an aggressive brother as part of an abusive family environment that continues to cause nightmares and depression.
8637,https://www.reddit.com/r/endersgame/comments/1oqopt/anybody_want_to_talk_about_some_of_the_complex/,FALSE_POSITIVE,FICTION_MEDIA,The post analyzes sibling abuse and violence among fictional characters in the novel Ender’s Game.
8638,https://www.reddit.com/r/offmychest/comments/1opef4/i_cant_get_a_handle_on_our_lives_anymore/,INCLUDE,,"The author reports that a sister who nearly killed their mother also threatened the author’s life daily, forcing the family to flee."
8639,https://www.reddit.com/r/pettyrevenge/comments/1oodfv/finally_some_revenge_on_my_manipulative_and/,INCLUDE,,The author says a younger brother emotionally abused and manipulated the author and their mother for four years.
8640,https://www.reddit.com/r/MMFB/comments/1oie7u/sudden_depression_out_of_nowhere_and_a_very_very/,INCLUDE,,"Although the post focuses on an abusive former partner, the author also directly identifies their own sister as abusive when explaining a trauma response."
8641,https://www.reddit.com/r/raisedbynarcissists/comments/1odf9g/as_soon_as_i_found_this_subreddit_i_knew_i_wasnt/,INCLUDE,,The author reports being abandoned at age sixteen and left living with an abusive brother without parental support.
8642,https://www.reddit.com/r/nosleep/comments/1oc479/watchful_eyes/,FALSE_POSITIVE,SEXUAL_FANTASY_ROLEPLAY,This is a supernatural creative narrative; the only “abusive brother” belongs to the narrator’s sister’s friend and is background exposition.
8643,https://www.reddit.com/r/needadvice/comments/1o9cbn/how_do_i_find_my_friend/,FALSE_POSITIVE,THIRD_PERSON_VICTIM,"The author is trying to locate a friend who fled that friend’s abusive brother, not recounting own-sibling abuse."
8644,https://www.reddit.com/r/relationships/comments/1nxh7t/i_26f_have_had_it_with_my_bfs_brother_21m/,FALSE_POSITIVE,WRONG_RELATION,"The violent man is the author’s boyfriend’s brother, not the author’s own sibling."
8645,https://www.reddit.com/r/bipolar/comments/1nskr5/my_bears_i_crashed_and_burned/,INCLUDE,,The author reports that an older sister sexually abused them from ages five to ten and threatened consequences if they disclosed it.
8646,https://www.reddit.com/r/TwoXChromosomes/comments/1noaif/i_know_i_just_asked_you_ladies_a_question_but_i/,INCLUDE,,"The author reports years of repeated physical, verbal, and emotional assaults by a younger brother while their parents enabled him."
8647,https://www.reddit.com/r/raisedbynarcissists/comments/1naniz/nbrother/,INCLUDE,,"The author gives a detailed account of a brother’s lifelong severe beatings, theft, degradation, throat injury, and recent broken toe."
8648,https://www.reddit.com/r/relationships/comments/1n3vdg/me_18_m_with_my_girlfriend_17_f_of_5_months_upset/,FALSE_POSITIVE,WRONG_RELATION,"The violent and abusive sister is the author’s girlfriend’s sister, not the author’s own sibling."
8649,https://www.reddit.com/r/psychology/comments/1n17wv/sibling_bullying_whats_the_big_deal/,FALSE_POSITIVE,META_RESEARCH,The empty-body headline is a general informational question about why sibling bullying matters.
8650,https://www.reddit.com/r/confession/comments/1m7ka0/i_molested_my_little_sister_several_years_ago_and/,FALSE_POSITIVE,PERPETRATOR_ONLY,The author confesses sexually abusing his younger sister and explicitly states that he was never abused.
8651,https://www.reddit.com/r/AdviceAnimals/comments/1loaic/for_my_abusive_sister/,INCLUDE,,"The empty title directly addresses the author’s own abusive sister, indicating a personal sibling-abuse context."
8652,https://www.reddit.com/r/relationships/comments/1ljueh/me27need_advice_borderline_abusive_brother24/,FALSE_POSITIVE,THIRD_PERSON_VICTIM,"The author is concerned that his brother is physically abusing the author’s nephew and sister-in-law, not the author."
8653,https://www.reddit.com/r/Advice/comments/1ljppg/need_advice_borderline_abusive_brother/,FALSE_POSITIVE,THIRD_PERSON_VICTIM,"The author is concerned that his brother is physically abusing the author’s nephew and sister-in-law, not the author."
8654,https://www.reddit.com/r/barneybot/comments/1kswzj/rmcpublic_just_a_thanks/,FALSE_POSITIVE,REPOST_ARCHIVE,"This is a copied cross-subreddit self-post attributed to another username, not the posting author’s own first-hand account."
8655,https://www.reddit.com/r/asoiaf/comments/1klfif/spoilers_all_danys_character_arc_just_clicked_for/,FALSE_POSITIVE,FICTION_MEDIA,The abusive brother is Viserys in an analysis of Daenerys’s fictional character arc in A Song of Ice and Fire.
8656,https://www.reddit.com/r/offmychest/comments/1kl5zt/i_have_been_suicidal_since_i_was_10_years_old_and/,INCLUDE,,"The author says an own sister beat and cursed them, directing her anger at the author throughout an abusive childhood."
8657,https://www.reddit.com/r/relationship_advice/comments/1jxyg2/rant_just_needed_to_kind_of_get_this_out_there_i/,INCLUDE,,The 17-year-old author says a verbally abusive sister substantially caused longstanding insecurity and low self-worth.
8658,https://www.reddit.com/r/videos/comments/1jusss/sibling_bullying/,FALSE_POSITIVE,META_RESEARCH,The empty title merely names the general topic “Sibling Bullying” and supplies no personal context.
8659,https://www.reddit.com/r/legaladvice/comments/1jks2m/reddit_i_need_your_help_what_legal_options_do_i/,FALSE_POSITIVE,WRONG_RELATION,"The violent man is the author’s sister’s husband, explicitly a brother-in-law, not an own sibling."
8660,https://www.reddit.com/r/AskReddit/comments/1jkmj3/reddit_i_need_your_help_what_legal_options_do_i/,FALSE_POSITIVE,WRONG_RELATION,"The empty-body title explicitly concerns a violent brother-in-law, not the author’s own sibling."
8661,https://www.reddit.com/r/psychology/comments/1jjnmf/so_i_want_to_write_a_screenplay_about_overcoming/,FALSE_POSITIVE,FICTION_MEDIA,The author is seeking research advice for a planned fictional screenplay about trauma from an abusive sibling.
8662,https://www.reddit.com/r/AdviceAnimals/comments/1ipuga/in_response_to_abusive_brother_meme/,FALSE_POSITIVE,IRRELEVANT,The empty post is framed only as a response to an “abusive brother” meme and supplies no real-life first-person abuse account.
8663,https://www.reddit.com/r/Parenting/comments/1ihyw3/when_sibling_rivalry_becomes_sibling_bullying/,FALSE_POSITIVE,META_RESEARCH,The author links an article and asks generally where sibling rivalry becomes sibling bullying.
8664,https://www.reddit.com/r/EatingDisorderHope/comments/1i4xhe/connection_between_sibling_bullying_and_mental/,FALSE_POSITIVE,META_RESEARCH,The empty title describes a general research topic connecting sibling bullying and mental health.
8665,https://www.reddit.com/r/AskReddit/comments/1i2c48/my_sister_and_i_fight_so_much_hair_pulling/,FALSE_POSITIVE,PERPETRATOR_ONLY,The author admits repeatedly hitting her 13-year-old sister and asks for help as the abusive sibling; no sibling abuse of the author is reported.
8666,https://www.reddit.com/r/rapecounseling/comments/1i16xv/im_thinking_about_telling_my_mom_about_being/,INCLUDE,,"The author gives a detailed first-hand disclosure of repeated childhood sexual abuse, coercion, and threats by a brother."
8667,https://www.reddit.com/r/AskReddit/comments/1hxjmt/how_do_you_deal_with_an_abusive_brother/,INCLUDE,,The empty title is a first-person request about dealing with the author’s own abusive brother.
8668,https://www.reddit.com/r/relationships/comments/1hwi2y/me21_f_and_my_brother_18m_just_cant_see_eye_to/,INCLUDE,,"The author reports a younger brother’s constant insults about her appearance, put-downs, aggression, and instrumental treatment of her."
8669,https://www.reddit.com/r/funny/comments/1htvkc/sibling_bullying_as_bad_as_peer_bullying/,FALSE_POSITIVE,META_RESEARCH,The empty headline states a general comparison between sibling and peer bullying without a personal account.
8670,https://www.reddit.com/r/offmychest/comments/1hekg5/i_feel_so_whiny_and_pathetic_for_being_upset/,INCLUDE,,The author says she is afraid of her routinely angry and aggressive brother and feels trapped with him in a hostile home environment.
8671,https://www.reddit.com/r/relationship_advice/comments/1gy9kx/18m_i_want_to_be_done_with_all_of_this_long/,INCLUDE,,"The author describes being driven from a motel room and nearly running away because living in close quarters with a mentally ill, violent sister felt intolerable."
8672,https://www.reddit.com/r/todayilearned/comments/1gxvpq/article_on_effects_of_sibling_bullying/,FALSE_POSITIVE,META_RESEARCH,"The empty title is an article about the effects of sibling bullying, not a first-hand account."
8673,https://www.reddit.com/r/podcast/comments/1gx9co/turn_the_radio_off_kyle_checks_in_after_his/,FALSE_POSITIVE,META_RESEARCH,"This is a multi-topic radio-program episode listing sibling bullying as one discussion topic, not a personal account."
8674,https://www.reddit.com/r/PodcastAlliance/comments/1gx89e/turn_the_radio_off_kyle_checks_in_after_his/,FALSE_POSITIVE,META_RESEARCH,"This is a multi-topic radio-program episode listing sibling bullying as one discussion topic, not a personal account."
8675,https://www.reddit.com/r/podcasting/comments/1gx6tf/turn_the_radio_off_kyle_checks_in_after_his/,FALSE_POSITIVE,META_RESEARCH,"This is a multi-topic radio-program episode listing sibling bullying as one discussion topic, not a personal account."
8676,https://www.reddit.com/r/podcasts/comments/1gx6sh/turn_the_radio_off_kyle_checks_in_after_his/,FALSE_POSITIVE,META_RESEARCH,"This is a multi-topic radio-program episode listing sibling bullying as one discussion topic, not a personal account."
8677,https://www.reddit.com/r/funny/comments/1gurkn/paula_deens_shameful_eatin_crow_biscuits_recipe/,FALSE_POSITIVE,IRRELEVANT,"This satirical recipe comments on Paula Deen and her brother’s public workplace misconduct, not the author’s own sibling experience."
8678,https://www.reddit.com/r/science/comments/1gkhsh/sibling_aggression_linked_to_poor_mental_health/,FALSE_POSITIVE,META_RESEARCH,The empty headline reports a general study finding about sibling aggression and mental health.
8679,https://www.reddit.com/r/science/comments/1gjws6/association_of_sibling_aggression_with_child_and/,FALSE_POSITIVE,META_RESEARCH,The empty headline is the title of an academic study on sibling aggression and youth mental health.
8680,https://www.reddit.com/r/science/comments/1gjq92/sibling_bullying_causes_mental_health_problems_in/,FALSE_POSITIVE,META_RESEARCH,The empty headline reports general information about sibling bullying causing mental-health problems.
8681,https://www.reddit.com/r/science/comments/1gizej/sibling_aggression_linked_to_poor_mental_health/,FALSE_POSITIVE,META_RESEARCH,The empty-body title summarizes a study associating sibling aggression with poorer youth mental health.
8682,https://www.reddit.com/r/tipofmytongue/comments/1ghm9r/animated_short_with_a_kid_and_his_dog/,FALSE_POSITIVE,FICTION_MEDIA,The abusive brother is a character in an animated short film the author is trying to identify.
8683,https://www.reddit.com/r/depression/comments/1g7n0y/i_need_some_help_or_an_internet_hug_or_something/,INCLUDE,,The author explicitly identifies an abusive sister as part of a severely damaging childhood and ongoing mental-health struggles.
8684,https://www.reddit.com/r/relationship_advice/comments/1fxfx8/tricky_situation_with_future_motherinlaw/,FALSE_POSITIVE,WRONG_RELATION,"The abusive sister belongs to the author’s boyfriend, not to the author."
8685,https://www.reddit.com/r/relationships/comments/1fu0gx/i17f_cant_control_my_temper_with_my_sister12f_and/,FALSE_POSITIVE,PERPETRATOR_ONLY,The 17-year-old author admits emotionally abusing her younger sister and asks how to stop; she does not report being abused by a sibling.
8686,https://www.reddit.com/r/relationships/comments/1fsp8u/i_19f_need_advice_on_how_to_deal_with_my_abusive/,INCLUDE,,"The author reports a younger sister’s verbal abuse, physical attack causing bruises, and threat with a kitchen knife."
8687,https://www.reddit.com/r/nosleep/comments/1fkibl/blood/,FALSE_POSITIVE,SEXUAL_FANTASY_ROLEPLAY,"This is a stylized supernatural horror narrative about the “Man of Blood,” not a clearly real-life first-hand abuse disclosure."
8688,https://www.reddit.com/r/howtonotgiveafuck/comments/1fgubu/advicehntgaf_about_abusive_sibling/,INCLUDE,,The minor author reports two to three years of sexual abuse by an older brother and resulting probable PTSD.
8689,https://www.reddit.com/r/LongDistance/comments/1f3q8z/having_a_dilemma_my_parents_with_going_away_to/,INCLUDE,,"The author says an abusive brother moved back into the family home, making her miserable and motivating her to leave for university."
8690,https://www.reddit.com/r/tipofmytongue/comments/1esfl8/tomt_bizarre_book_i_read_in_my_youth/,FALSE_POSITIVE,FICTION_MEDIA,The abusive brother is a character in a bizarre novel the author is trying to identify.
8691,https://www.reddit.com/r/AskWomen/comments/1eog1a/my_physically_and_emotionally_abusive_sister/,INCLUDE,,The empty title directly describes the author’s own sister as physically and emotionally abusive and says she crossed a line that night.
8692,https://www.reddit.com/r/ProRevenge/comments/1eofi6/my_physically_and_emotionally_violent_sister_has/,INCLUDE,,"The author describes an older sister’s longstanding physical and emotional violence, theft accusations, screaming, and episodes that make the author seek locks and police help."
8693,https://www.reddit.com/r/relationship_advice/comments/1dck1b/20m_not_sure_what_to_do_about_a_girl_who_says/,FALSE_POSITIVE,THIRD_PERSON_VICTIM,The author reports that a woman he recently met disclosed an abusive brother and parents; he is not the sibling victim.
8694,https://www.reddit.com/r/offmychest/comments/1d54tk/my_sister_is_a_disgusting_human_being_and_im/,INCLUDE,,The author reports that her sister heavily bullied her during childhood and now wants to end contact despite family pressure.
8695,https://www.reddit.com/r/AbuseInterrupted/comments/1caxef/what_can_parents_do_to_prevent_sibling_abuse/,FALSE_POSITIVE,META_RESEARCH,"This is general advice for parents on preventing sibling abuse, copied from an informational article."
8696,https://www.reddit.com/r/AbuseInterrupted/comments/1cax1k/understanding_sibling_abuse/,FALSE_POSITIVE,META_RESEARCH,The empty title names the general educational topic “Understanding Sibling Abuse.”
8697,https://www.reddit.com/r/kidsrights/comments/1bx6cp/sibling_abuse_an_interview_with_author_and/,FALSE_POSITIVE,META_RESEARCH,The empty title advertises an expert interview about sibling abuse and how it differs from rivalry.
8698,https://www.reddit.com/r/relationships/comments/1buy9w/i_17m_have_no_idea_what_to_do_about_my/,INCLUDE,,"The 17-year-old author reports years of an older brother’s shouting, verbal abuse, some physical abuse, and lasting childhood harm."
8699,https://www.reddit.com/r/offmychest/comments/1bn42x/you_are_not_my_father/,INCLUDE,,The author directly identifies a sibling as abusive and describes a father enabling that sibling and the sibling hurting weaker people.
8700,https://www.reddit.com/r/relationships/comments/1bm8nb/me_35f_my_mother_70f_and_trying_to_avoid_a/,INCLUDE,,"The author reports a sister’s history of physical abuse toward her, recent screaming in her face, and fear of another violent confrontation."
8701,https://www.reddit.com/r/TwoXChromosomes/comments/1ayqjr/sister_in_law_is_trying_to_leave_my_abusive/,FALSE_POSITIVE,THIRD_PERSON_VICTIM,The author’s brother is abusing and controlling his wife and creating danger for their child; the author does not report sibling abuse of self.
8702,https://www.reddit.com/r/Advice/comments/1ayq7j/sister_in_law_trying_to_leave_my_abusive_brother/,FALSE_POSITIVE,THIRD_PERSON_VICTIM,The author’s brother is abusing and controlling his wife and creating danger for their child; the author does not report sibling abuse of self.
8703,https://www.reddit.com/r/TwoXChromosomes/comments/1aw6mq/twox_im_feeling_slighted_by_my_so_and_need_to/,INCLUDE,,The author identifies her own brother as violent and abusive and cannot visit her mother because he has returned to the parents’ home.
8704,https://www.reddit.com/r/pics/comments/1afmid/my_passive_aggressive_brother_there_was_no_damage/,FALSE_POSITIVE,ORDINARY_CONFLICT,The empty title calls the author’s brother passive-aggressive and explicitly says no damage was done.
8705,https://www.reddit.com/r/atheism/comments/19njoy/my_passive_aggressive_sister_posted_this_in/,FALSE_POSITIVE,ORDINARY_CONFLICT,The empty-body post concerns a sister’s passive-aggressive Facebook response during a disagreement about religion and science.
8706,https://www.reddit.com/r/AskReddit/comments/19jm60/how_and_what_can_i_do_about_sibling_bullying/,INCLUDE,,The 19-year-old author says one or more brothers have bullied him for years and asks how to address it.
8707,https://www.reddit.com/r/trees/comments/1968uf/how_weed_saved_my_friendship/,INCLUDE,,The author says she began using marijuana to find peace away from an abusive brother.
8708,https://www.reddit.com/r/depression/comments/191ynu/im_not_sure_how_to_be_happy/,INCLUDE,,The author identifies an abusive brother as one cause of severe childhood depression and anxiety.
8709,https://www.reddit.com/r/AskMen/comments/18ix3z/do_you_have_a_penchant_for_bad_relationships_men/,FALSE_POSITIVE,IRRELEVANT,"The violent brother belongs to the imprisoned boyfriend of a woman the author is considering dating, not to the author."
8710,https://www.reddit.com/r/thewalkingdead/comments/18fe7o/tv_spoilerss_daryl_and_merle_vs_comic_spoilersc/,FALSE_POSITIVE,FICTION_MEDIA,The post compares abusive and violent fictional brothers in The Walking Dead television series and comics.
8711,https://www.reddit.com/r/thewalkingdead/comments/18erpq/s_daryl_and_merle_vs_c_billy_and_ben/,FALSE_POSITIVE,FICTION_MEDIA,The post compares abusive and violent fictional brothers in The Walking Dead television series and comics.
8712,https://www.reddit.com/r/relationships/comments/18e06j/what_do_i_f_early_20s_do_about_my_unstable_sister/,INCLUDE,,The author reports that an older half-sister physically and emotionally abused her in childhood and fears renewed proximity and sabotage.
8713,https://www.reddit.com/r/tipofmytongue/comments/183ask/tomt_movie_from_the_90s_i_think_its_either_90s_or/,FALSE_POSITIVE,FICTION_MEDIA,The violent brother is a character in a movie the author is trying to identify.
8714,https://www.reddit.com/r/offmychest/comments/17ofnv/im_scared_i_may_get_involved_in_an_abusive/,INCLUDE,,The author directly identifies her own brother as abusive and describes intense fear shaped in part by that experience.
8715,https://www.reddit.com/r/budgies/comments/17czir/escape_artiest_and_abusive_sibling/,FALSE_POSITIVE,NONHUMAN,The “abusive sibling” refers to one pet budgie biting and attacking another bird.
8716,https://www.reddit.com/r/offmychest/comments/16r1mj/i_walked_until_my_feet_bled/,INCLUDE,,The author directly states she is afraid of her abusive brother while describing an unsafe and precarious living situation.
8717,https://www.reddit.com/r/Assistance/comments/16m1y0/verbally_abusive_brother_making_it_extremely/,FALSE_POSITIVE,THIRD_PERSON_VICTIM,The author describes a brother verbally abusing and terrorizing their parents but says the author remains on the sidelines.
8718,https://www.reddit.com/r/funny/comments/16j05p/passive_aggressive_sister_rosemary/,FALSE_POSITIVE,IRRELEVANT,"The empty title refers to “Sister Rosemary,” evidently a named or religious-title person rather than the author’s sibling."
8719,https://www.reddit.com/r/funny/comments/16iz78/passive_aggressive_sister_rosemary/,FALSE_POSITIVE,IRRELEVANT,"“Sister Rosemary” is an Amazon seller whose passive-aggressive customer-service response amused the author, not a sibling."
8720,https://www.reddit.com/r/self/comments/16dgl4/im_scared_im_really_really_scared/,INCLUDE,,The high-school author says she is trapped living with an abusive sister and the sister’s boyfriend and is terrified she may not survive the year.
8721,https://www.reddit.com/r/relationships/comments/164z30/19f_no_idea_what_to_do_about_emotionally_abusive/,INCLUDE,,The author directly identifies her younger sister as emotionally abusive and describes the sister’s destructive anger and behavior within their close relationship and household.
8722,https://www.reddit.com/r/offmychest/comments/15kjau/a_revelation/,INCLUDE,,The author says conditioning from an abusive brother damaged their ability to feel happy and authentic around others.
8723,https://www.reddit.com/r/AskReddit/comments/15i2uc/what_should_i_do_about_abusiveaggressive_sibling/,INCLUDE,,"The author reports a brother’s past physical aggression, current extreme violence, intimidation, insults, and explicit threat to break her jaw."
8724,https://www.reddit.com/r/relationships/comments/15h7qd/emotionallyverbally_abusive_sister_24f_making_mom/,INCLUDE,,The author reports walking on eggshells around a verbally abusive sister who attacks vulnerabilities and uses threats of abandonment to control her.
8725,https://www.reddit.com/r/relationships/comments/15h5ux/emotionallyverbally_abusive_sister_24f_making_mom/,INCLUDE,,The empty title directly describes the author’s sister as emotionally and verbally abusive toward the author and their mother.
8726,https://www.reddit.com/r/relationships/comments/15fq9j/at_the_breaking_point_with_my_brother_19m_i_21m/,FALSE_POSITIVE,THIRD_PERSON_VICTIM,"The brother’s bullying and borderline-abusive behavior is described primarily toward the author’s younger brother and parents, not toward the author."
8727,https://www.reddit.com/r/offbeat/comments/155h7r/sibling_abuse_laws/,FALSE_POSITIVE,META_RESEARCH,The empty title seeks or references sibling-abuse laws without any personal account.
8728,https://www.reddit.com/r/UnsentLetters/comments/14rp32/what_i_couldnt_say_to_you_when_i_had_the_chance/,INCLUDE,,"The author describes terror of an abusive bipolar brother and discloses molestation, cursing, blame, and lasting family trauma connected to him."
8729,https://www.reddit.com/r/relationships/comments/14dbqy/need_help_reddit/,INCLUDE,,The high-school author reports a 19-year-old brother hitting both the author and their mother and asks about police and restraining-order protection.
8730,https://www.reddit.com/r/howtonotgiveafuck/comments/13x6t3/how_can_i_not_give_a_fuck_about_my_abusive_sister/,INCLUDE,,The author says a shared-room sister’s constant judgment and criticism is abusive and severely aggravates the author’s anxiety.
8731,https://www.reddit.com/r/AskReddit/comments/12mr2b/gf_sexually_abused_by_brother_need_adviceanswers/,FALSE_POSITIVE,THIRD_PERSON_VICTIM,The empty title explicitly says the author’s girlfriend was sexually abused by her brother.
8732,https://www.reddit.com/r/offmychest/comments/12mluq/daylight_savings_time_and_an_extra_hour_are/,INCLUDE,,The author describes a continuously verbally abusive brother and says only a severe crisis made her brothers temporarily stop the verbal abuse.
8733,https://www.reddit.com/r/AlAnon/comments/12dk91/my_mothers_been_sober_for_three_years_but_still/,INCLUDE,,"The author reports that an older stepsister imitated the family’s abuse on the author, explicitly identifying it as sibling abuse."
8734,https://www.reddit.com/r/offmychest/comments/12a1q3/getting_this_all_out/,INCLUDE,,"The author reports that an older brother molested and hit them, degraded them, and remains the family’s protected golden child."
8735,https://www.reddit.com/r/selfhelp/comments/121tz6/inquiry_into_a_fucked_up_life/,INCLUDE,,The author explicitly reports severe psychological and physical sibling abuse that caused years of fear for their life.
8736,https://www.reddit.com/r/nosleep/comments/11j7r9/late_night_suicide/,INCLUDE,,The author says trauma caused by an abusive sister led to therapy and continuing frightening symptoms.
8737,https://www.reddit.com/r/rapecounseling/comments/11exrl/need_some_advice_was_sexually_abused_by_sister/,INCLUDE,,The author gives a first-hand account of childhood sexual abuse by a sister five years older and asks how to heal.
8738,https://www.reddit.com/r/pics/comments/11dzyw/my_passive_aggressive_sister_left_a_message_for/,FALSE_POSITIVE,ORDINARY_CONFLICT,The empty title only calls a sister passive-aggressive for leaving a message about someone’s parking.
8739,https://www.reddit.com/r/SuicideWatch/comments/11bjot/my_boyfriend_doesnt_take_me_seriously_about_my/,INCLUDE,,The author identifies an abusive brother as part of a lifelong abusive home that contributed to severe depression and suicidality.
8740,https://www.reddit.com/r/depression/comments/10qsnv/would_you_mind_helping_me_out/,FALSE_POSITIVE,THIRD_PERSON_VICTIM,The author says his girlfriend may have had an abusive brother and seeks help for her mental-health crisis.
8741,https://www.reddit.com/r/IAmA/comments/10g6v4/amaa_i_was_impregnated_by_my_abusive_brother/,INCLUDE,,The empty AMAA title is an explicit first-person disclosure that the author was impregnated by an abusive brother.
8742,https://www.reddit.com/r/AskReddit/comments/108ix0/how_do_i_deal_with_my_passive_aggressive_sister/,FALSE_POSITIVE,ORDINARY_CONFLICT,The post describes a worsening household disagreement and passive-aggressive sister but does not establish abuse of the author.
8743,https://www.reddit.com/r/atheism/comments/zr67v/my_speech_regarding_osama_bin_laden_and_revenge/,FALSE_POSITIVE,IRRELEVANT,The phrase “violent brother” is merely a metaphor contrasting patriotism with jingoism in an academic speech.
8744,https://www.reddit.com/r/aww/comments/zoxw1/classic_case_of_big_sibling_bullying/,FALSE_POSITIVE,META_RESEARCH,The empty title labels an unspecified item a classic case of older-sibling bullying but gives no first-person account.
8745,https://www.reddit.com/r/Buddhism/comments/z9joy/disowning_people/,INCLUDE,,The author reports a mentally ill brother’s emotional and physical abuse and says proximity triggers fight-or-flight and suicidality.
8746,https://www.reddit.com/r/circlebroke/comments/z5m4v/older_siblingonyounger_sibling_bullying_gets_to/,FALSE_POSITIVE,REPOST_ARCHIVE,The author critiques and quotes another Reddit post depicting an older brother bullying a child; it is not the author’s own experience.
8747,https://www.reddit.com/r/relationships/comments/z3ufv/my_boyfriend_20_m_and_i_17_f_are_considering/,INCLUDE,,The 17-year-old author identifies an abusive brother as part of a dangerous home life motivating a move away.
8748,https://www.reddit.com/r/MyLittleSupportGroup/comments/yrlte/abused_by_sister_years_ago_just_now_realizing/,INCLUDE,,The author reports an older sister repeatedly locking him in a room for sexual touching and kissing when he was about five.
8749,https://www.reddit.com/r/AskReddit/comments/yjs7z/ive_changed_my_number_but_she_keeps_finding_it_to/,FALSE_POSITIVE,WRONG_RELATION,"The harasser is explicitly the author’s abusive sister-in-law, not the author’s own sibling."
8750,https://www.reddit.com/r/funny/comments/yb7ge/doombas_less_violent_brother/,FALSE_POSITIVE,IRRELEVANT,The empty “Doomba’s less violent brother” title appears to compare objects or characters and contains no human first-person sibling context.
8751,https://www.reddit.com/r/AskReddit/comments/y6cjk/how_do_you_deal_with_anger_story_inside/,INCLUDE,,"The author recounts an abusive brother’s years of torment, attacks with objects, bloody beating, and permanent back damage."
8752,https://www.reddit.com/r/BabyBumps/comments/xnsxj/it_is_only_745_am_and_ive_already_made_2/,FALSE_POSITIVE,ORDINARY_CONFLICT,The author casually calls a sister passive-aggressive while expressing excitement about the sister organizing a baby shower.
8753,https://www.reddit.com/r/TwoXChromosomes/comments/xjumf/abusive_brotherinlaw_could_use_some_advice/,FALSE_POSITIVE,WRONG_RELATION,"The abuser is the author’s brother-in-law, who is accused of beating the author’s nephew."
8754,https://www.reddit.com/r/AskReddit/comments/x57am/i_have_a_loved_one_who_is_in_an_abusive/,FALSE_POSITIVE,THIRD_PERSON_VICTIM,The author relays a longtime friend’s assault by her abusive brother and asks how to help from another state.
8755,https://www.reddit.com/r/fffffffuuuuuuuuuuuu/comments/wwgn7/sibling_abuse/,UNCERTAIN,INSUFFICIENT_CONTEXT,The empty title “sibling abuse” does not reveal whether this is a personal account or a general topic.
8756,https://www.reddit.com/r/AskReddit/comments/wuun9/reddit_i_dont_have_any_friends_so_i_want_to_know/,INCLUDE,,"The author says living with a psychotic, abusive sister caused severe sadness, withdrawal, and loss of friendships."
8757,https://www.reddit.com/r/depression/comments/w8s97/verbally_abusive_sibling_long_term_undiagnosed/,INCLUDE,,"The author reports lifelong verbal and psychological abuse by an older sister, resulting in depression and low self-esteem."
8758,https://www.reddit.com/r/self/comments/w53oc/calling_out_for_help_andor_advice_from_a/,INCLUDE,,"The 18-year-old author reports years of physical and psychological harassment, threats, destruction, and constant fear of an older brother."
8759,https://www.reddit.com/r/rapecounseling/comments/vx2kp/always_the_grey_and_memories_of_childhood/,INCLUDE,,"The author reports an abusive brother’s persistent bullying, including sexual bullying, that left her fearful and powerless."
8760,https://www.reddit.com/r/nyc/comments/vvq1w/i_dont_know_what_to_do_anymore_physically_abusive/,INCLUDE,,The empty title explicitly reports that the author’s physically abusive brother is overwhelming them.
8761,https://www.reddit.com/r/offmychest/comments/vlvoh/abusive_sister/,INCLUDE,,"The author describes a sister’s repeated hitting, clawing, scarring, slurs, frightening attacks, and violence toward the family."
8762,https://www.reddit.com/r/fffffffuuuuuuuuuuuu/comments/veqyb/sibling_abuse/,UNCERTAIN,INSUFFICIENT_CONTEXT,The empty title “Sibling abuse” gives no information about whether the author personally experienced it.
8763,https://www.reddit.com/r/IAmA/comments/va02o/iama_brother_of_amazon_kindle_creator_kenneth/,FALSE_POSITIVE,IRRELEVANT,The author describes their father as the former abuser and mentions a brother only as potentially violent amid a separate family legal dispute.
8764,https://www.reddit.com/r/smnc/comments/ufhxu/sliq_smnc_commentary_karaoke_with_the_gunner_and/,FALSE_POSITIVE,FICTION_MEDIA,"The empty title advertises video-game commentary involving “sibling violence,” not a personal account."
8765,https://www.reddit.com/r/AskReddit/comments/udpmr/abusive_brother_help/,INCLUDE,,"The 18-year-old author reports a brother pulling a knife on them, destroying their computer, terrorizing the family, and making them fear for their life."
8766,https://www.reddit.com/r/relationships/comments/u0dy3/update_girlfriend_sexually_abused_by_brother/,FALSE_POSITIVE,THIRD_PERSON_VICTIM,The empty update title explicitly concerns the author’s girlfriend’s sexual abuse by her brother.
8767,https://www.reddit.com/r/AskReddit/comments/t2wie/not_a_day_goes_by_where_i_dont_wish_i_treated_my/,FALSE_POSITIVE,PERPETRATOR_ONLY,The author regrets having bullied his younger brother and solicits others’ experiences; he does not report being abused by a sibling.
8768,https://www.reddit.com/r/relationships/comments/s97yf/cant_seem_to_find_a_way_to_leave_my_baggage_at/,INCLUDE,,The author identifies a physically and mentally abusive brother as a major source of lasting insecurity and trauma.
8769,https://www.reddit.com/r/relationships/comments/s63uj/abusive_father_disowns_family_family_wants_me_to/,INCLUDE,,The author describes a sister sexually “messing with” him after paternal abuse and explicitly identifies her as equally abusive.
8770,https://www.reddit.com/r/AskReddit/comments/rntcp/how_to_deal_with_physically_and_verbally_abusive/,INCLUDE,,"The author reports an older brother’s longstanding physical and verbal abuse, low self-esteem, and a life made hell by continuing attacks."
8771,https://www.reddit.com/r/SuicideWatch/comments/rfbck/a_little_help_for_a_friend/,FALSE_POSITIVE,THIRD_PERSON_VICTIM,The author says a recently met friend was sexually abused by her brother and asks how to help her.
8772,https://www.reddit.com/r/todayilearned/comments/r1rh3/til_that_sadistic_tyrant_vlad_the_impaler_had_a/,FALSE_POSITIVE,IRRELEVANT,"The title gives a historical fact about Vlad the Impaler’s less-violent brother, not a personal account."
8773,https://www.reddit.com/r/Music/comments/qqc6i/slowcoaster_violent_sister_455/,FALSE_POSITIVE,FICTION_MEDIA,The empty title identifies a song called “Violent Sister.”
8774,https://www.reddit.com/r/Music/comments/qihqp/slowcoaster_violent_sister/,FALSE_POSITIVE,FICTION_MEDIA,The empty title identifies a song called “Violent Sister.”
8775,https://www.reddit.com/r/HowsLife/comments/qie6n/pretty_awful/,INCLUDE,,The author reports an abusive brother and fears he would pursue and kill her if she tried to escape the family.
8776,https://www.reddit.com/r/AskReddit/comments/qaels/dear_reddit_how_do_i_tell_my_parents_i_need/,INCLUDE,,The author says a brother tortured her in childhood by cornering her with a knife and threatening her life.
8777,https://www.reddit.com/r/self/comments/qa4ta/dear_reddit_i_need_advice_how_do_i_tell_my_mom_i/,INCLUDE,,The author says a brother tortured her in childhood by cornering her with a knife and threatening her life.
8778,https://www.reddit.com/r/AskReddit/comments/q1de3/how_can_i_deal_with_my_sister_using_her_two_small/,INCLUDE,,"The author describes an abusive sister who terrorizes the household by hitting people, throwing and breaking objects, and using her children as leverage."
8779,https://www.reddit.com/r/AskReddit/comments/pum2r/how_do_you_deal_with_a_verbally_abusive_sibling/,INCLUDE,,"The author reports a brother’s deliberate public humiliation, repeated put-downs, work criticism, and aggression that leave the author at a breaking point."
8780,https://www.reddit.com/r/AskReddit/comments/pin2q/my_abusive_brother_just_threw_my_rabbit_against/,INCLUDE,,"The author reports that an older brother abuses animals and recently broke the author’s finger, prompting a retaliatory fight."
8781,https://www.reddit.com/r/AskReddit/comments/osfbt/violent_sister_parents_need_help_on_where_to_send/,INCLUDE,,"The author says a violent sister attacks the author and another sister, breaks down doors, pulls hair, and terrorizes the household."
8782,https://www.reddit.com/r/mylittlepony/comments/nsmq3/i_promised_my_story_because_i_feel_like_i_owe/,INCLUDE,,"The author identifies an abusive sister at home as one source of lasting fear, illness, and social withdrawal."
8783,https://www.reddit.com/r/lgbt/comments/n2ike/because_its_always_the_christians_going_gay/,FALSE_POSITIVE,PERPETRATOR_ONLY,The author admits being the more aggressive sibling and repeatedly acting out against her brother; no sibling abuse of the author is reported.
8784,https://www.reddit.com/r/relationship_advice/comments/mmpwi/i_thought_i_was_a_good_person/,INCLUDE,,The author states she grew up with an emotionally and physically abusive brother whose impact shaped later fear and relationship difficulties.
8785,https://www.reddit.com/r/ihaveissues/comments/mmo97/i_thought_i_was_a_good_person/,INCLUDE,,The author states she grew up with an emotionally and physically abusive brother whose impact shaped later fear and relationship difficulties.
8786,https://www.reddit.com/r/IAmA/comments/maidb/iama_teenager_of_a_messed_up_family_ama/,INCLUDE,,The teenage author explicitly discloses being sexually abused by a sister during childhood.
8787,https://www.reddit.com/r/AskReddit/comments/lxe6n/what_can_i_do_about_sibling_abuseparental_mental/,FALSE_POSITIVE,WRONG_RELATION,"The post concerns childhood physical and verbal abuse by the author’s mother and risk to the author’s sister, not abuse by a sibling."
8788,https://www.reddit.com/r/AskReddit/comments/lo3rz/reddit_i_need_some_advice_about_my_abusive_brother/,INCLUDE,,"The author gives a detailed history of an older brother’s punching, kicking, choking, destruction, verbal cruelty, and ongoing terror."
8789,https://www.reddit.com/r/AskReddit/comments/kz3u6/how_has_personal_sibling_bullying_effected_you/,FALSE_POSITIVE,META_RESEARCH,The empty title asks generally how personal sibling bullying has affected respondents but contains no author account.
8790,https://www.reddit.com/r/AskReddit/comments/kebp7/my_sister_falsely_reported_me_for_beating_her_help/,INCLUDE,,The author reports that a sister physically attacks her and escalated the abuse by falsely accusing the author of assault to police.
8791,https://www.reddit.com/r/cats/comments/kb5i7/help_new_cat_afraid_of_old_cats_peeing_by_food/,FALSE_POSITIVE,NONHUMAN,The “abusive sister” is one pet cat attacking another cat.
8792,https://www.reddit.com/r/traumaticchildhood/comments/k7159/sibling_rivalry/,INCLUDE,,"The author recounts an older sister’s severe childhood beatings, broken teeth, stair pushing, threats with a knife, and attempted forced entry."
8793,https://www.reddit.com/r/reddit.com/comments/jm563/abusive_sister_hits_internet_and_baby_brother/,FALSE_POSITIVE,FICTION_MEDIA,"The empty title labels a video depicting an abusive sister hitting a baby brother, not an author’s account."
8794,https://www.reddit.com/r/videos/comments/jkko6/abusive_sister_beats_baby/,FALSE_POSITIVE,FICTION_MEDIA,"The empty title labels media depicting an abusive sister beating a baby, not an author’s account."
8795,https://www.reddit.com/r/reddit.com/comments/jgqr4/nothing_says_violent_sibling_love_like_a_subaru/,FALSE_POSITIVE,IRRELEVANT,"The empty title is a humorous Subaru reference to “violent sibling love,” with no personal abuse account."
8796,https://www.reddit.com/r/Random_Acts_Of_Pizza/comments/iv4wz/yay_reiilyboy_long_again/,INCLUDE,,The author describes unsafe housing because a violent brother could appear at any time.
8797,https://www.reddit.com/r/relationships/comments/ihk24/am_i_ready/,INCLUDE,,The author identifies an abusive brother and an enabling mother as reasons she is considering moving out with her boyfriend.
8798,https://www.reddit.com/r/Parenting/comments/iddit/what_are_somethings_your_parents_did_that_you/,FALSE_POSITIVE,THIRD_PERSON_VICTIM,The abusive brother belonged to the author’s father; the author’s own childhood beatings were inflicted by the father.
8799,https://www.reddit.com/r/asktransgender/comments/hp5zi/feeling_a_bit_depressed_im_hurting_can_you_help/,INCLUDE,,The author reports living with a physically abusive brother in a household where violence and deprivation contribute to severe depression.
8800,https://www.reddit.com/r/AskReddit/comments/hnwut/i_am_living_in_an_abusive_household_and_i_cant/,INCLUDE,,"The author reports a brother’s repeated knife attacks, slashing, bruising, bloody noses, sprains, and constant physical altercations."
8801,https://www.reddit.com/r/self/comments/gsoy9/you_know_what_fuck_people_im_going_to_be_happy/,INCLUDE,,The author says they have lived their whole life with an abusive brother whose conduct also alienated the author’s friends.
8802,https://www.reddit.com/r/domesticviolence/comments/g1ojo/my_exs_ex_beats_her_and_threats_with_suicide/,FALSE_POSITIVE,THIRD_PERSON_VICTIM,The post concerns the author’s ex and her abusive partner; that partner is described as a past victim of sibling abuse.
8803,https://www.reddit.com/r/relationships/comments/fsut2/abusive_brother_in_the_army_only_getting_worse/,FALSE_POSITIVE,THIRD_PERSON_VICTIM,The author describes a brother’s severe domestic abuse of his wife and danger to others but does not report sibling abuse of self.
8804,https://www.reddit.com/r/travel/comments/etiwb/on_vacation_in_edinburgh_with_family_over_new/,FALSE_POSITIVE,ORDINARY_CONFLICT,The author casually calls a sister passive-aggressive while describing ordinary strain during a family vacation.
8805,https://www.reddit.com/r/Music/comments/e8uwo/slowcoaster_violent_sister/,FALSE_POSITIVE,FICTION_MEDIA,The empty title identifies a song called “Violent Sister.”
8806,https://www.reddit.com/r/pics/comments/cnlcx/passiveaggressive_sibling_rivalry/,FALSE_POSITIVE,ORDINARY_CONFLICT,"The empty title explicitly frames the issue as passive-aggressive sibling rivalry, with no abuse account."
8807,https://www.reddit.com/r/listentothis/comments/clpp4/slowcoaster_violent_sister_acoustic_chill_indie/,FALSE_POSITIVE,FICTION_MEDIA,The empty title identifies an acoustic indie-rock song called “Violent Sister.”
8808,https://www.reddit.com/r/reddit.com/comments/bb865/link_between_sibling_aggression_and_development/,FALSE_POSITIVE,META_RESEARCH,The empty headline presents a general research link between sibling aggression and antisocial behavior.
8809,https://www.reddit.com/r/psychology/comments/bb5qp/sibling_abuse_children_abusing_other_children/,FALSE_POSITIVE,META_RESEARCH,The empty headline is a general informational title about children abusing other children.
8810,https://www.reddit.com/r/reddit.com/comments/baz0y/sibling_abuse_children_abusing_other_children/,FALSE_POSITIVE,META_RESEARCH,The empty headline is a general informational title about children abusing other children.
8811,https://www.reddit.com/r/reddit.com/comments/6zdja/what_to_do_when_cctv_captures_sibling_abuse_in/,FALSE_POSITIVE,META_RESEARCH,The empty headline offers general advice about handling sibling abuse captured by home CCTV.
