row_index,post_link,classification,exclusion_reason,classification_rationale
181,https://www.reddit.com/r/fixingmovies/comments/1jbxf56/thor_love_and_thunder_should_have_been_thor_and/,FALSE_POSITIVE,FICTION_MEDIA,"This is a proposed rewrite of a Marvel film featuring the fictional Hercules and his violent brother Ares, not a real-life account."
182,https://www.reddit.com/r/Vent/comments/1jbr0fb/saturday_15_march_2025/,INCLUDE,,"The author describes ongoing abuse by their older sister, including attacks on their body, voice, face, and existence, alongside memories of being exploited and mistreated by her."
183,https://www.reddit.com/r/abusiveparents/comments/1jbfas9/literally_only_care_about_inheritance_at_this/,INCLUDE,,"The author identifies their own brother as abusive and is trying to avoid his wedding and renewed exposure to the abusive family."
184,https://www.reddit.com/r/survivinginfidelity/comments/1jb63ar/ap_keeps_posting_him_on_arewedating_the_same_guy/,INCLUDE,,"The author identifies their estranged sister as abusive and describes the sister spreading a damaging false rumor about them."
185,https://www.reddit.com/r/psychicdevelopment/comments/1javktd/attracting_women_who_bully_me_as_a_woman_what_do/,INCLUDE,,"The author reports emotional and physical abuse by both a sister and brother while growing up, with lasting fear and distrust."
186,https://www.reddit.com/r/CharlotteDobreYouTube/comments/1jala3k/aita_for_removing_ad_free_from_my_video/,INCLUDE,,"The author gives a detailed account of longstanding physical and emotional abuse by her sister, including beatings, screaming, degradation, and coercion."
187,https://www.reddit.com/r/XSomalian/comments/1jag5jm/idk_what_to_do_about_this/,FALSE_POSITIVE,THIRD_PERSON_VICTIM,"The author is seeking help for a friend who reportedly has an abusive brother; the author is not the sibling victim."
188,https://www.reddit.com/r/u_Most_Coconut_2961/comments/1jabwk1/inxj_type_and_emotionally_immature_people/,INCLUDE,,"The author identifies an abusive sibling as part of their own harmful childhood family environment."
189,https://www.reddit.com/r/CPTSD/comments/1jab1uw/i_came_across_something_that_triggered_a_part_of/,INCLUDE,,"The author identifies their own sister as abusive while discussing the family trauma underlying their CPTSD symptoms."
190,https://www.reddit.com/r/Vent/comments/1ja583j/my_life_has_been_horrible_and_i_have_a_chance_to/,INCLUDE,,"The author reports sharing a room for 17 years with an abusive sibling who bullied them daily and contributed to a suicide attempt."
191,https://www.reddit.com/r/AsianParentStories/comments/1j9trej/sibling_abuse/,INCLUDE,,"The author details physical, sexualized, and verbal abuse by both older brothers, including beatings, forced restraint, intimate contact, and degradation."
192,https://www.reddit.com/r/SchizoFamilies/comments/1j9ogxy/mom_with_schizophrenia/,INCLUDE,,"The author identifies a physically abusive brother as part of the adverse family environment they experienced growing up."
193,https://www.reddit.com/r/OffMyChestPH/comments/1j9ccde/i_wanna_be_adopted_at_the_age_of_24/,FALSE_POSITIVE,THIRD_PERSON_VICTIM,"The sibling-abuse reference concerns the author's cousin being protected from that cousin's abusive brother; the author's own abuse was parental."
194,https://www.reddit.com/r/schizophrenia/comments/1j99ikw/mom_wschizophrenia_and_question/,INCLUDE,,"The author identifies a physically abusive brother as part of the adverse family environment they experienced growing up."
195,https://www.reddit.com/r/legaladvice/comments/1j8grb6/questions_about_abusive_sister/,INCLUDE,,"The author reports that their sister has subjected the whole family, including the author, to years of mental and emotional abuse that has begun escalating into physical assault."
196,https://www.reddit.com/r/CPTSD/comments/1j8fq9b/is_this_sibling_abuse/,INCLUDE,,"The author describes years of bullying, degradation, manipulation, and intimidation by older sisters that cause panic attacks and make the author fear interacting with them."
197,https://www.reddit.com/r/manhwa/comments/1j8fq16/i_wtf_was_she_reading_a_couple_of_slides_before/,FALSE_POSITIVE,FICTION_MEDIA,"This is a post about an abusive-brother depiction in a manhwa, not a real person's first-hand sibling abuse."
198,https://www.reddit.com/r/TrueOffMyChest/comments/1j7ybiz/living_with_my_abusive_sister/,INCLUDE,,"The minor author provides a detailed account of severe physical and sexual abuse by her older sister, including near-drowning, stabbing, coercive sexual acts, and a recent assault."
199,https://www.reddit.com/r/selflove/comments/1j7f65s/feeling_like_im_too_broken_for_someone_new_to/,INCLUDE,,"The author identifies abuse by a sibling as past trauma that continues to damage their self-esteem and relationships."
311,https://www.reddit.com/r/COCSAReEnactors/comments/1io2ejp/my_story/,INCLUDE,,"Although the author also acknowledges perpetrating abuse against a younger sister, they personally describe serious abuse by older siblings, including forced stripping, confinement, bathroom humiliation, and restraint until incontinence."
